Cell ID,PseudoTime,Time,Experiment
E3010_1413,0.7068534267133567,1413.0,3010
E3427_764,0.3821910955477738,764.0,3427
E3748_247,0.1235617808904452,247.0,3748
E18459_582,0.2911455727863932,582.0,18459
E8047_989,0.4947473736868434,989.0,8047
E12481_886,0.4432216108054027,886.0,12481
E12405_260,0.1300650325162581,260.0,12405
E895_16,0.0080040020010005,16.0,895
E4024_940,0.4702351175587794,940.0,4024
E605_1164,0.5822911455727864,1164.0,605
E1282_834,0.417208604302151,834.0,1282
E9786_399,0.1995997998999499,399.0,9786
E17797_1107,0.5537768884442221,1107.0,17797
E3652_962,0.4812406203101551,962.0,3652
E13314_950,0.4752376188094047,950.0,13314
E7620_1179,0.5897948974487244,1179.0,7620
E10137_759,0.3796898449224612,759.0,10137
E7224_232,0.1160580290145072,232.0,7224
E92_633,0.3166583291645823,633.0,92
E2454_432,0.2161080540270135,432.0,2454
E17818_1582,0.7913956978489245,1582.0,17818
E3527_95,0.0475237618809404,95.0,3527
E14858_1977,0.9889944972486244,1977.0,14858
E12986_1344,0.6723361680840421,1344.0,12986
E2403_802,0.4012006003001501,802.0,2403
E6334_1589,0.7948974487243622,1589.0,6334
E463_1396,0.6983491745872936,1396.0,463
E17489_130,0.065032516258129,130.0,17489
E6762_1383,0.6918459229614807,1383.0,6762
E15200_1287,0.6438219109554777,1287.0,15200
E18923_1741,0.870935467733867,1741.0,18923
E6051_170,0.0850425212606303,170.0,6051
E17131_1478,0.7393696848424212,1478.0,17131
E1179_1783,0.8919459729864933,1783.0,1179
E7301_1006,0.5032516258129065,1006.0,7301
E19443_676,0.3381690845422711,676.0,19443
E5891_766,0.3831915957978989,766.0,5891
E6643_830,0.4152076038019009,830.0,6643
E18087_525,0.2626313156578289,525.0,18087
E17844_301,0.1505752876438219,301.0,17844
E12588_144,0.0720360180090045,144.0,12588
E5742_173,0.0865432716358179,173.0,5742
E10655_1885,0.9429714857428716,1885.0,10655
E17293_206,0.1030515257628814,206.0,17293
E2595_1759,0.8799399699849925,1759.0,2595
E16608_1869,0.9349674837418708,1869.0,16608
E13751_1848,0.9244622311155578,1848.0,13751
E15179_686,0.3431715857928964,686.0,15179
E6009_1903,0.951975987993997,1903.0,6009
E8536_1463,0.7318659329664833,1463.0,8536
E8183_1949,0.9749874937468734,1949.0,8183
E10192_1421,0.7108554277138569,1421.0,10192
E9313_286,0.1430715357678839,286.0,9313
E9907_1415,0.7078539269634817,1415.0,9907
E11503_1859,0.9299649824912456,1859.0,11503
E7768_929,0.4647323661830915,929.0,7768
E10697_1187,0.5937968984492246,1187.0,10697
E8201_703,0.3516758379189594,703.0,8201
E17853_13,0.0065032516258129,13.0,17853
E14711_97,0.0485242621310655,97.0,14711
E2178_923,0.4617308654327163,923.0,2178
E14305_1980,0.990495247623812,1980.0,14305
E12270_1740,0.8704352176088044,1740.0,12270
E14475_99,0.0495247623811905,99.0,14475
E15193_1777,0.888944472236118,1777.0,15193
E9123_181,0.0905452726363181,181.0,9123
E2501_610,0.3051525762881441,610.0,2501
E1312_1974,0.9874937468734368,1974.0,1312
E12470_928,0.464232116058029,928.0,12470
E14308_726,0.3631815907953977,726.0,14308
E8779_740,0.3701850925462731,740.0,8779
E15318_200,0.1000500250125062,200.0,15318
E10396_541,0.2706353176588294,541.0,10396
E246_1450,0.7253626813406704,1450.0,246
E5564_322,0.161080540270135,322.0,5564
E1177_193,0.0965482741370685,193.0,1177
E8425_1573,0.7868934467233617,1573.0,8425
E9888_1816,0.9084542271135568,1816.0,9888
E12059_1801,0.9009504752376188,1801.0,12059
E9205_227,0.1135567783891946,227.0,9205
E7338_1989,0.9949974987493748,1989.0,7338
E19749_1644,0.8224112056028015,1644.0,19749
E16840_1302,0.6513256628314157,1302.0,16840
E14805_475,0.2376188094047023,475.0,14805
E12915_1300,0.6503251625812907,1300.0,12915
E19777_1901,0.950975487743872,1901.0,19777
E19284_1146,0.5732866433216608,1146.0,19284
E13162_1406,0.7033516758379189,1406.0,13162
E1923_932,0.4662331165582791,932.0,1923
E19452_1738,0.8694347173586794,1738.0,19452
E19227_1848,0.9244622311155578,1848.0,19227
E11827_84,0.0420210105052526,84.0,11827
E7444_72,0.0360180090045022,72.0,7444
E18598_878,0.4392196098049024,878.0,18598
E17205_499,0.2496248124062031,499.0,17205
E683_661,0.3306653326663332,661.0,683
E7567_1753,0.8769384692346173,1753.0,7567
E2627_6,0.0030015007503751,6.0,2627
E13391_22,0.0110055027513756,22.0,13391
E15198_1257,0.6288144072036018,1257.0,15198
E7390_821,0.4107053526763382,821.0,7390
E5856_866,0.4332166083041521,866.0,5856
E17680_372,0.1860930465232616,372.0,17680
E1668_635,0.3176588294147073,635.0,1668
E16544_1693,0.8469234617308654,1693.0,16544
E1011_1757,0.8789394697348675,1757.0,1011
E7093_297,0.1485742871435718,297.0,7093
E12384_1678,0.8394197098549274,1678.0,12384
E19964_653,0.3266633316658329,653.0,19964
E3305_1999,1.0,1999.0,3305
E6032_431,0.2156078039019509,431.0,6032
E17764_1451,0.7258629314657329,1451.0,17764
E9620_1266,0.6333166583291646,1266.0,9620
E12798_164,0.0820410205102551,164.0,12798
E12941_1659,0.8299149574787393,1659.0,12941
E16883_460,0.2301150575287643,460.0,16883
E10674_30,0.0150075037518759,30.0,10674
E14633_424,0.2121060530265132,424.0,14633
E13254_804,0.4022011005502751,804.0,13254
E12663_1151,0.5757878939469735,1151.0,12663
E17121_1743,0.871935967983992,1743.0,17121
E6740_873,0.4367183591795898,873.0,6740
E4076_640,0.32016008004002,640.0,4076
E16198_879,0.439719859929965,879.0,16198
E11238_1483,0.7418709354677339,1483.0,11238
E6861_1575,0.7878939469734867,1575.0,6861
E5071_1446,0.7233616808404202,1446.0,5071
E19773_812,0.4062031015507754,812.0,19773
E19497_157,0.0785392696348174,157.0,19497
E10468_432,0.2161080540270135,432.0,10468
E2144_980,0.4902451225612806,980.0,2144
E868_1729,0.8649324662331166,1729.0,868
E943_1547,0.7738869434717359,1547.0,943
E18919_904,0.4522261130565282,904.0,18919
E15630_316,0.1580790395197598,316.0,15630
E8811_902,0.4512256128064032,902.0,8811
E11165_1706,0.8534267133566783,1706.0,11165
E1611_836,0.4182091045522761,836.0,1611
E17200_668,0.3341670835417709,668.0,17200
E935_1299,0.6498249124562281,1299.0,935
E19993_1809,0.904952476238119,1809.0,19993
E1563_468,0.2341170585292646,468.0,1563
E10622_45,0.0225112556278139,45.0,10622
E3867_1585,0.7928964482241121,1585.0,3867
E19500_177,0.088544272136068,177.0,19500
E14266_1454,0.7273636818409205,1454.0,14266
E14021_368,0.1840920460230115,368.0,14021
E15553_70,0.0350175087543771,70.0,15553
E9762_326,0.1630815407703852,326.0,9762
E18295_783,0.391695847923962,783.0,18295
E12673_1687,0.8439219609804902,1687.0,12673
E16300_1712,0.8564282141070535,1712.0,16300
E19244_1600,0.80040020010005,1600.0,19244
E10644_1190,0.5952976488244122,1190.0,10644
E3400_404,0.2021010505252626,404.0,3400
E19549_87,0.0435217608804402,87.0,19549
E3225_564,0.2821410705352676,564.0,3225
E13982_62,0.0310155077538769,62.0,13982
E19858_1192,0.5962981490745373,1192.0,19858
E6305_670,0.3351675837918959,670.0,6305
E11269_818,0.4092046023011506,818.0,11269
E3226_1435,0.7178589294647324,1435.0,3226
E7837_1536,0.768384192096048,1536.0,7837
E18894_935,0.4677338669334667,935.0,18894
E3966_1601,0.8009004502251126,1601.0,3966
E17287_1856,0.928464232116058,1856.0,17287
E11343_1171,0.5857928964482241,1171.0,11343
E14231_1862,0.9314657328664332,1862.0,14231
E4632_180,0.0900450225112556,180.0,4632
E9351_850,0.4252126063031515,850.0,9351
E3349_586,0.2931465732866433,586.0,3349
E18755_1710,0.8554277138569285,1710.0,18755
E5755_1092,0.5462731365682841,1092.0,5755
E14566_771,0.3856928464232116,771.0,14566
E4724_239,0.1195597798899449,239.0,4724
E10856_1458,0.7293646823411706,1458.0,10856
E18028_363,0.1815907953976988,363.0,18028
E5830_1655,0.8279139569784892,1655.0,5830
E2831_69,0.0345172586293146,69.0,2831
E8013_168,0.0840420210105052,168.0,8013
E7603_1521,0.76088044022011,1521.0,7603
E17965_409,0.2046023011505753,409.0,17965
E638_505,0.2526263131565783,505.0,638
E18961_118,0.0590295147573786,118.0,18961
E2854_1042,0.5212606303151576,1042.0,2854
E15322_1401,0.7008504252126063,1401.0,15322
E6557_1635,0.8179089544772387,1635.0,6557
E13959_1469,0.7348674337168585,1469.0,13959
E14016_1052,0.5262631315657829,1052.0,14016
E19919_1128,0.5642821410705353,1128.0,19919
E10440_384,0.192096048024012,384.0,10440
E17191_393,0.1965982991495748,393.0,17191
E5148_624,0.3121560780390195,624.0,5148
E10546_1162,0.5812906453226613,1162.0,10546
E18197_222,0.1110555277638819,222.0,18197
E19975_985,0.4927463731865933,985.0,19975
E14832_1049,0.5247623811905953,1049.0,14832
E10407_1969,0.984992496248124,1969.0,10407
E19234_416,0.208104052026013,416.0,19234
E8578_1641,0.8209104552276139,1641.0,8578
E16904_1209,0.6048024012006002,1209.0,16904
E15072_105,0.0525262631315657,105.0,15072
E14548_498,0.2491245622811405,498.0,14548
E15962_1426,0.7133566783391696,1426.0,15962
E16573_953,0.4767383691845923,953.0,16573
E6003_1498,0.7493746873436719,1498.0,6003
E7158_700,0.3501750875437719,700.0,7158
E14442_476,0.2381190595297649,476.0,14442
E11412_107,0.0535267633816908,107.0,11412
E10445_1715,0.8579289644822411,1715.0,10445
E4728_1267,0.6338169084542271,1267.0,4728
E6270_5,0.0025012506253126,5.0,6270
E19107_1927,0.9639819909954978,1927.0,19107
E16749_1536,0.768384192096048,1536.0,16749
E7777_1434,0.7173586793396698,1434.0,7777
E6864_265,0.1325662831415708,265.0,6864
E1057_235,0.1175587793896948,235.0,1057
E10473_1189,0.5947973986993497,1189.0,10473
E915_1923,0.9619809904952475,1923.0,915
E1180_122,0.0610305152576288,122.0,1180
E1336_241,0.12056028014007,241.0,1336
E14943_293,0.1465732866433216,293.0,14943
E18713_142,0.0710355177588794,142.0,18713
E7143_1030,0.5152576288144072,1030.0,7143
E4534_624,0.3121560780390195,624.0,4534
E8657_483,0.2416208104052026,483.0,8657
E9039_1621,0.8109054527263632,1621.0,9039
E3147_200,0.1000500250125062,200.0,3147
E12948_1384,0.6923461730865432,1384.0,12948
E16069_1165,0.5827913956978489,1165.0,16069
E19450_217,0.1085542771385692,217.0,19450
E15423_50,0.0250125062531265,50.0,15423
E9441_106,0.0530265132566283,106.0,9441
E13527_865,0.4327163581790895,865.0,13527
E14460_1050,0.5252626313156579,1050.0,14460
E11683_1824,0.912456228114057,1824.0,11683
E15568_436,0.2181090545272636,436.0,15568
E69_1311,0.6558279139569785,1311.0,69
E13631_1477,0.7388694347173587,1477.0,13631
E7257_383,0.1915957978989494,383.0,7257
E1729_1231,0.615807903951976,1231.0,1729
E16498_1990,0.9954977488744372,1990.0,16498
E19890_1126,0.5632816408204102,1126.0,19890
E18983_658,0.3291645822911456,658.0,18983
E4278_1605,0.8029014507253627,1605.0,4278
E10487_1246,0.6233116558279139,1246.0,10487
E8841_474,0.2371185592796398,474.0,8841
E10563_598,0.2991495747873937,598.0,10563
E652_1853,0.9269634817408704,1853.0,652
E17569_984,0.4922461230615307,984.0,17569
E3761_555,0.2776388194097048,555.0,3761
E13720_1192,0.5962981490745373,1192.0,13720
E13107_1784,0.8924462231115557,1784.0,13107
E18143_456,0.2281140570285142,456.0,18143
E5999_663,0.3316658329164582,663.0,5999
E12023_1324,0.6623311655827914,1324.0,12023
E5801_1351,0.6758379189594798,1351.0,5801
E7039_1018,0.5092546273136568,1018.0,7039
E13806_685,0.3426713356678339,685.0,13806
E2582_729,0.3646823411705853,729.0,2582
E11441_1588,0.7943971985992997,1588.0,11441
E17125_617,0.3086543271635817,617.0,17125
E18936_231,0.1155577788894447,231.0,18936
E18880_259,0.1295647823911956,259.0,18880
E10141_1797,0.8989494747373686,1797.0,10141
E17550_342,0.1710855427713856,342.0,17550
E1511_1994,0.9974987493746872,1994.0,1511
E11041_1510,0.7553776888444222,1510.0,11041
E14641_295,0.1475737868934467,295.0,14641
E17203_1314,0.6573286643321661,1314.0,17203
E12108_544,0.272136068034017,544.0,12108
E17243_1357,0.678839419709855,1357.0,17243
E9728_1870,0.9354677338669336,1870.0,9728
E19668_1661,0.8309154577288644,1661.0,19668
E385_1111,0.5557778889444722,1111.0,385
E7231_252,0.1260630315157578,252.0,7231
E3156_272,0.1360680340170085,272.0,3156
E5926_906,0.4532266133066533,906.0,5926
E9452_1438,0.71935967983992,1438.0,9452
E3682_1685,0.8429214607303652,1685.0,3682
E1771_612,0.3061530765382691,612.0,1771
E13467_1748,0.8744372186093047,1748.0,13467
E13984_481,0.2406203101550775,481.0,13984
E15059_68,0.0340170085042521,68.0,15059
E13808_1701,0.8509254627313657,1701.0,13808
E196_638,0.3191595797898949,638.0,196
E2443_1230,0.6153076538269134,1230.0,2443
E17428_789,0.3946973486743371,789.0,17428
E13872_337,0.168584292146073,337.0,13872
E7114_1429,0.7148574287143572,1429.0,7114
E480_700,0.3501750875437719,700.0,480
E16983_1984,0.992496248124062,1984.0,16983
E9345_1676,0.8384192096048024,1676.0,9345
E19875_1992,0.9964982491245624,1992.0,19875
E6920_1942,0.9714857428714356,1942.0,6920
E18624_496,0.2481240620310155,496.0,18624
E6440_1067,0.5337668834417209,1067.0,6440
E4415_1908,0.9544772386193096,1908.0,4415
E19384_1726,0.863431715857929,1726.0,19384
E17556_570,0.2851425712856428,570.0,17556
E14429_587,0.2936468234117058,587.0,14429
E3071_119,0.0595297648824412,119.0,3071
E18327_819,0.4097048524262131,819.0,18327
E12414_1389,0.6948474237118559,1389.0,12414
E8338_763,0.3816908454227113,763.0,8338
E1210_1579,0.7898949474737369,1579.0,1210
E11625_1236,0.6183091545772886,1236.0,11625
E8234_1963,0.9819909954977488,1963.0,8234
E5968_1289,0.6448224112056028,1289.0,5968
E2319_1528,0.7643821910955477,1528.0,2319
E13817_1608,0.8044022011005503,1608.0,13817
E3318_29,0.0145072536268134,29.0,3318
E13237_304,0.1520760380190095,304.0,13237
E18370_220,0.1100550275137568,220.0,18370
E12124_672,0.336168084042021,672.0,12124
E1630_785,0.392696348174087,785.0,1630
E11636_309,0.1545772886443221,309.0,11636
E15005_721,0.360680340170085,721.0,15005
E3905_1698,0.8494247123561781,1698.0,3905
E13501_1631,0.8159079539769885,1631.0,13501
E4162_114,0.0570285142571285,114.0,4162
E375_24,0.0120060030015007,24.0,375
E6175_710,0.3551775887943972,710.0,6175
E14044_1978,0.9894947473736868,1978.0,14044
E9811_1060,0.5302651325662832,1060.0,9811
E18742_1812,0.9064532266133066,1812.0,18742
E13422_965,0.4827413706853427,965.0,13422
E5000_1534,0.7673836918459229,1534.0,5000
E12289_386,0.193096548274137,386.0,12289
E19394_101,0.0505252626313156,101.0,19394
E10006_401,0.200600300150075,401.0,10006
E5821_1040,0.5202601300650325,1040.0,5821
E11071_1839,0.919959979989995,1839.0,11071
E12233_454,0.2271135567783892,454.0,12233
E17589_1294,0.6473236618309155,1294.0,17589
E17714_669,0.3346673336668334,669.0,17714
E5682_1264,0.6323161580790395,1264.0,5682
E19105_176,0.0880440220110055,176.0,19105
E1325_875,0.4377188594297148,875.0,1325
E13324_191,0.0955477738869434,191.0,13324
E7696_1173,0.5867933966983492,1173.0,7696
E223_360,0.1800900450225112,360.0,223
E7517_954,0.4772386193096548,954.0,7517
E7426_1198,0.5992996498249125,1198.0,7426
E10603_1677,0.8389194597298649,1677.0,10603
E15460_868,0.4342171085542771,868.0,15460
E5091_1673,0.8369184592296148,1673.0,5091
E11684_238,0.1190595297648824,238.0,11684
E1399_258,0.129064532266133,258.0,1399
E17974_361,0.1805902951475738,361.0,17974
E8679_1325,0.662831415707854,1325.0,8679
E12193_1004,0.5022511255627814,1004.0,12193
E18237_459,0.2296148074037018,459.0,18237
E16227_1614,0.8074037018509255,1614.0,16227
E12966_1604,0.8024012006003002,1604.0,12966
E16327_33,0.0165082541270635,33.0,16327
E12530_1062,0.5312656328164082,1062.0,12530
E4804_11,0.0055027513756878,11.0,4804
E8221_1017,0.5087543771885943,1017.0,8221
E420_214,0.1070535267633816,214.0,420
E14981_1106,0.5532766383191596,1106.0,14981
E11791_629,0.3146573286643321,629.0,11791
E16802_1625,0.8129064532266133,1625.0,16802
E6968_957,0.4787393696848424,957.0,6968
E19027_997,0.4987493746873436,997.0,19027
E1514_1911,0.9559779889944972,1911.0,1514
E2706_1306,0.6533266633316658,1306.0,2706
E13266_691,0.3456728364182091,691.0,13266
E9543_1191,0.5957978989494748,1191.0,9543
E3742_1603,0.8019009504752376,1603.0,3742
E10917_1250,0.6253126563281641,1250.0,10917
E13027_996,0.4982491245622811,996.0,13027
E16004_160,0.080040020010005,160.0,16004
E8653_472,0.2361180590295147,472.0,8653
E14980_1481,0.7408704352176088,1481.0,14980
E8107_510,0.2551275637818909,510.0,8107
E7881_1552,0.7763881940970485,1552.0,7881
E10279_532,0.2661330665332666,532.0,10279
E4836_813,0.4067033516758379,813.0,4836
E5517_514,0.2571285642821411,514.0,5517
E13122_901,0.4507253626813406,901.0,13122
E964_597,0.2986493246623312,597.0,964
E9311_1214,0.607303651825913,1214.0,9311
E19151_192,0.096048024012006,192.0,19151
E2511_330,0.1650825412706353,330.0,2511
E7967_1874,0.9374687343671836,1874.0,7967
E10191_576,0.288144072036018,576.0,10191
E6932_339,0.1695847923961981,339.0,6932
E6573_1877,0.9389694847423712,1877.0,6573
E12605_1578,0.7893946973486743,1578.0,12605
E16818_438,0.2191095547773887,438.0,16818
E14159_1444,0.7223611805902952,1444.0,14159
E2574_420,0.2101050525262631,420.0,2574
E10587_1654,0.8274137068534267,1654.0,10587
E4265_1317,0.6588294147073537,1317.0,4265
E5419_383,0.1915957978989494,383.0,5419
E4456_696,0.3481740870435217,696.0,4456
E4214_1104,0.5522761380690345,1104.0,4214
E13424_1386,0.6933466733366683,1386.0,13424
E5607_1525,0.7628814407203601,1525.0,5607
E7130_1696,0.848424212106053,1696.0,7130
E13210_1117,0.5587793896948474,1117.0,13210
E4490_575,0.2876438219109555,575.0,4490
E19171_1401,0.7008504252126063,1401.0,19171
E10388_1067,0.5337668834417209,1067.0,10388
E13630_545,0.2726363181590795,545.0,13630
E11095_554,0.2771385692846423,554.0,11095
E13240_116,0.0580290145072536,116.0,13240
E12061_187,0.0935467733866933,187.0,12061
E12441_1305,0.6528264132066033,1305.0,12441
E9381_1851,0.9259629814907454,1851.0,9381
E11232_1332,0.6663331665832917,1332.0,11232
E15252_1592,0.7963981990995498,1592.0,15252
E6555_1219,0.6098049024512256,1219.0,6555
E19961_1953,0.9769884942471236,1953.0,19961
E13374_1103,0.551775887943972,1103.0,13374
E16305_1704,0.8524262131065533,1704.0,16305
E2820_1865,0.9329664832416208,1865.0,2820
E8445_373,0.1865932966483241,373.0,8445
E3844_1666,0.8334167083541771,1666.0,3844
E14523_1656,0.8284142071035517,1656.0,14523
E7140_381,0.1905952976488244,381.0,7140
E15575_562,0.2811405702851425,562.0,15575
E16266_421,0.2106053026513256,421.0,16266
E18852_351,0.1755877938969484,351.0,18852
E3578_846,0.4232116058029014,846.0,3578
E15382_135,0.0675337668834417,135.0,15382
E14045_1548,0.7743871935967984,1548.0,14045
E9244_1222,0.6113056528264132,1222.0,9244
E842_23,0.0115057528764382,23.0,842
E55_595,0.2976488244122061,595.0,55
E14636_628,0.3141570785392696,628.0,14636
E17505_1461,0.7308654327163582,1461.0,17505
E19823_1321,0.6608304152076038,1321.0,19823
E18002_1310,0.655327663831916,1310.0,18002
E7950_1210,0.6053026513256629,1210.0,7950
E19060_1488,0.7443721860930466,1488.0,19060
E14715_911,0.4557278639319659,911.0,14715
E19364_1610,0.8054027013506754,1610.0,19364
E3775_1153,0.5767883941970986,1153.0,3775
E15414_798,0.3991995997998999,798.0,15414
E1739_829,0.4147073536768384,829.0,1739
E9078_1581,0.7908954477238619,1581.0,9078
E16221_1981,0.9909954977488744,1981.0,16221
E1899_422,0.2111055527763882,422.0,1899
E8917_169,0.0845422711355677,169.0,8917
E19390_336,0.1680840420210105,336.0,19390
E10978_214,0.1070535267633816,214.0,10978
E8651_1796,0.8984492246123061,1796.0,8651
E16418_1176,0.5882941470735368,1176.0,16418
E4988_756,0.3781890945472736,756.0,4988
E18154_479,0.2396198099049524,479.0,18154
E19869_451,0.2256128064032016,451.0,19869
E3322_1437,0.7188594297148574,1437.0,3322
E10544_1772,0.8864432216108054,1772.0,10544
E12921_1012,0.5062531265632816,1012.0,12921
E8492_877,0.4387193596798399,877.0,8492
E11951_969,0.4847423711855928,969.0,11951
E4307_1930,0.9654827413706852,1930.0,4307
E19605_219,0.1095547773886943,219.0,19605
E18042_1184,0.592296148074037,1184.0,18042
E15474_781,0.3906953476738369,781.0,15474
E363_1374,0.6873436718359179,1374.0,363
E4235_377,0.1885942971485742,377.0,4235
E16138_881,0.44072036018009,881.0,16138
E7434_335,0.1675837918959479,335.0,7434
E16851_1394,0.6973486743371686,1394.0,16851
E11222_1692,0.8464232116058029,1692.0,11222
E14412_1912,0.9564782391195598,1912.0,14412
E14608_364,0.1820910455227613,364.0,14608
E17025_1261,0.6308154077038519,1261.0,17025
E4451_1181,0.5907953976988495,1181.0,4451
E3420_1019,0.5097548774387194,1019.0,3420
E9472_1878,0.9394697348674336,1878.0,9472
E8359_143,0.0715357678839419,143.0,8359
E6564_780,0.3901950975487744,780.0,6564
E8890_709,0.3546773386693346,709.0,8890
E15603_743,0.3716858429214607,743.0,15603
E17630_1300,0.6503251625812907,1300.0,17630
E3861_1361,0.680840420210105,1361.0,3861
E1728_1777,0.888944472236118,1777.0,1728
E14070_500,0.2501250625312656,500.0,14070
E6117_581,0.2906453226613306,581.0,6117
E12333_1357,0.678839419709855,1357.0,12333
E3884_1791,0.8959479739869936,1791.0,3884
E13496_690,0.3451725862931465,690.0,13496
E17350_582,0.2911455727863932,582.0,17350
E8172_1204,0.6023011505752877,1204.0,8172
E10894_25,0.0125062531265632,25.0,10894
E19523_152,0.0760380190095047,152.0,19523
E11391_281,0.1405702851425712,281.0,11391
E11603_332,0.1660830415207604,332.0,11603
E15269_634,0.3171585792896448,634.0,15269
E2128_1876,0.9384692346173088,1876.0,2128
E12173_167,0.0835417708854427,167.0,12173
E12112_1540,0.7703851925962981,1540.0,12112
E13046_1758,0.87943971985993,1758.0,13046
E4809_1013,0.5067533766883442,1013.0,4809
E8703_542,0.271135567783892,542.0,8703
E7826_844,0.4222111055527764,844.0,7826
E10503_203,0.1015507753876938,203.0,10503
E17531_1295,0.647823911955978,1295.0,17531
E15909_1896,0.9484742371185592,1896.0,15909
E8788_892,0.4462231115557779,892.0,8788
E17897_1089,0.5447723861930965,1089.0,17897
E15681_1764,0.8824412206103052,1764.0,15681
E8444_58,0.0290145072536268,58.0,8444
E14717_17,0.008504252126063,17.0,14717
E10107_534,0.2671335667833917,534.0,10107
E8625_1453,0.7268634317158579,1453.0,8625
E18536_1558,0.7793896948474237,1558.0,18536
E16701_912,0.4562281140570285,912.0,16701
E2848_1382,0.6913456728364182,1382.0,2848
E3467_1914,0.9574787393696848,1914.0,3467
E4134_659,0.3296648324162081,659.0,4134
E13228_550,0.2751375687843922,550.0,13228
E459_552,0.2761380690345172,552.0,459
E17095_1893,0.9469734867433716,1893.0,17095
E2300_1489,0.7448724362181091,1489.0,2300
E12825_652,0.3261630815407704,652.0,12825
E14754_1337,0.6688344172086043,1337.0,14754
E14440_1556,0.7783891945972986,1556.0,14440
E5084_1322,0.6613306653326664,1322.0,5084
E19902_279,0.1395697848924462,279.0,19902
E1310_696,0.3481740870435217,696.0,1310
E4159_344,0.1720860430215107,344.0,4159
E10377_1506,0.753376688344172,1506.0,10377
E17954_1909,0.9549774887443722,1909.0,17954
E9922_102,0.0510255127563781,102.0,9922
E15131_215,0.1075537768884442,215.0,15131
E9961_1182,0.591295647823912,1182.0,9961
E13184_110,0.0550275137568784,110.0,13184
E671_275,0.1375687843921961,275.0,671
E5723_651,0.3256628314157078,651.0,5723
E831_413,0.2066033016508254,413.0,831
E6846_1248,0.624312156078039,1248.0,6846
E1129_1402,0.7013506753376688,1402.0,1129
E8755_522,0.2611305652826413,522.0,8755
E4932_1730,0.8654327163581791,1730.0,4932
E15490_426,0.2131065532766383,426.0,15490
E6021_770,0.385192596298149,770.0,6021
E17654_1417,0.7088544272136068,1417.0,17654
E2257_1683,0.8419209604802401,1683.0,2257
E8544_1589,0.7948974487243622,1589.0,8544
E17909_1318,0.6593296648324162,1318.0,17909
E10449_1243,0.6218109054527263,1243.0,10449
E3909_282,0.1410705352676338,282.0,3909
E4178_1188,0.5942971485742872,1188.0,4178
E769_752,0.3761880940470235,752.0,769
E4430_1771,0.8859429714857429,1771.0,4430
E17519_1107,0.5537768884442221,1107.0,17519
E4335_374,0.1870935467733867,374.0,4335
E17975_1894,0.9474737368684342,1894.0,17975
E10059_85,0.0425212606303151,85.0,10059
E14444_51,0.025512756378189,51.0,14444
E7828_716,0.3581790895447724,716.0,7828
E14909_1952,0.976488244122061,1952.0,14909
E1288_1526,0.7633816908454227,1526.0,1288
E5964_1093,0.5467733866933466,1093.0,5964
E12920_646,0.3231615807903952,646.0,12920
E13186_286,0.1430715357678839,286.0,13186
E15440_1615,0.807903951975988,1615.0,15440
E10136_1570,0.7853926963481741,1570.0,10136
E12796_975,0.4877438719359679,975.0,12796
E4582_794,0.3971985992996498,794.0,4582
E13250_1821,0.9109554777388694,1821.0,13250
E18593_986,0.4932466233116558,986.0,18593
E8366_1371,0.6858429214607303,1371.0,8366
E12308_44,0.0220110055027513,44.0,12308
E8571_1961,0.9809904952476238,1961.0,8571
E3924_732,0.3661830915457729,732.0,3924
E7402_1268,0.6343171585792896,1268.0,7402
E14821_1754,0.8774387193596799,1754.0,14821
E3551_1499,0.7498749374687343,1499.0,3551
E5457_1018,0.5092546273136568,1018.0,5457
E8297_1717,0.8589294647323662,1717.0,8297
E8985_1577,0.7888944472236118,1577.0,8985
E7415_1982,0.991495747873937,1982.0,7415
E14017_255,0.1275637818909454,255.0,14017
E4006_340,0.1700850425212606,340.0,4006
E9413_1882,0.941470735367684,1882.0,9413
E11443_1948,0.9744872436218108,1948.0,11443
E13497_174,0.0870435217608804,174.0,13497
E14458_1886,0.943471735867934,1886.0,14458
E9893_601,0.3006503251625813,601.0,9893
E15314_1403,0.7018509254627313,1403.0,15314
E591_245,0.1225612806403201,245.0,591
E11365_566,0.2831415707853927,566.0,11365
E18673_1799,0.8999499749874937,1799.0,18673
E14451_1951,0.9759879939969984,1951.0,14451
E14577_1674,0.8374187093546773,1674.0,14577
E7604_1858,0.9294647323661832,1858.0,7604
E12325_527,0.263631815907954,527.0,12325
E7134_1656,0.8284142071035517,1656.0,7134
E3941_1565,0.7828914457228614,1565.0,3941
E16752_190,0.0950475237618809,190.0,16752
E17872_1736,0.8684342171085543,1736.0,17872
E18842_1307,0.6538269134567284,1307.0,18842
E8059_704,0.352176088044022,704.0,8059
E9464_1866,0.9334667333666832,1866.0,9464
E14518_1500,0.7503751875937968,1500.0,14518
E19816_43,0.0215107553776888,43.0,19816
E847_74,0.0370185092546273,74.0,847
E6648_848,0.4242121060530265,848.0,6648
E1433_1764,0.8824412206103052,1764.0,1433
E7624_1519,0.759879939969985,1519.0,7624
E509_930,0.4652326163081541,930.0,509
E4774_1442,0.7213606803401701,1442.0,4774
E7736_589,0.2946473236618309,589.0,7736
E12810_1431,0.7158579289644822,1431.0,12810
E1616_388,0.1940970485242621,388.0,1616
E8538_982,0.4912456228114057,982.0,8538
E14955_926,0.4632316158079039,926.0,14955
E11504_758,0.3791895947973987,758.0,11504
E19451_1786,0.8934467233616809,1786.0,19451
E16505_1723,0.8619309654827414,1723.0,16505
E17314_1219,0.6098049024512256,1219.0,17314
E12609_469,0.2346173086543271,469.0,12609
E9017_120,0.0600300150075037,120.0,9017
E8962_605,0.3026513256628314,605.0,8962
E5005_1072,0.5362681340670336,1072.0,5005
E6319_447,0.2236118059029515,447.0,6319
E6201_1423,0.711855927963982,1423.0,6201
E4642_1098,0.5492746373186593,1098.0,4642
E4025_1084,0.542271135567784,1084.0,4025
E11029_1142,0.5712856428214107,1142.0,11029
E3600_1370,0.6853426713356678,1370.0,3600
E3061_178,0.0890445222611305,178.0,3061
E14918_195,0.0975487743871936,195.0,14918
E10862_927,0.4637318659329665,927.0,10862
E13583_586,0.2931465732866433,586.0,13583
E5360_148,0.0740370185092546,148.0,5360
E506_561,0.28064032016008,561.0,506
E2072_1921,0.9609804902451226,1921.0,2072
E4480_1157,0.5787893946973487,1157.0,4480
E8143_334,0.1670835417708854,334.0,8143
E19059_993,0.4967483741870935,993.0,19059
E4680_1098,0.5492746373186593,1098.0,4680
E832_1247,0.6238119059529765,1247.0,832
E16174_747,0.3736868434217109,747.0,16174
E4169_42,0.0210105052526263,42.0,4169
E7178_673,0.3366683341670835,673.0,7178
E8424_56,0.0280140070035017,56.0,8424
E1147_1232,0.6163081540770385,1232.0,1147
E11479_1238,0.6193096548274137,1238.0,11479
E17319_53,0.0265132566283141,53.0,17319
E258_1225,0.6128064032016008,1225.0,258
E4120_359,0.1795897948974487,359.0,4120
E19810_457,0.2286143071535767,457.0,19810
E23_1811,0.905952976488244,1811.0,23
E5888_1767,0.8839419709854928,1767.0,5888
E5280_1509,0.7548774387193596,1509.0,5280
E7547_1449,0.7248624312156078,1449.0,7547
E9478_1863,0.9319659829914958,1863.0,9478
E1695_1131,0.5657828914457229,1131.0,1695
E15394_1827,0.9139569784892446,1827.0,15394
E2364_306,0.1530765382691345,306.0,2364
E2462_63,0.0315157578789394,63.0,2462
E11925_292,0.1460730365182591,292.0,11925
E16457_1602,0.8014007003501751,1602.0,16457
E9261_1780,0.8904452226113057,1780.0,9261
E15656_1807,0.903951975987994,1807.0,15656
E17554_381,0.1905952976488244,381.0,17554
E3258_1668,0.8344172086043021,1668.0,3258
E9122_768,0.384192096048024,768.0,9122
E6063_871,0.4357178589294647,871.0,6063
E18094_460,0.2301150575287643,460.0,18094
E15560_1775,0.887943971985993,1775.0,15560
E12447_793,0.3966983491745873,793.0,12447
E18185_1137,0.568784392196098,1137.0,18185
E2193_1553,0.776888444222111,1553.0,2193
E4795_8,0.0040020010005002,8.0,4795
E15123_945,0.472736368184092,945.0,15123
E4696_1399,0.6998499249624812,1399.0,4696
E1202_833,0.4167083541770885,833.0,1202
E7171_1036,0.5182591295647824,1036.0,7171
E13914_1095,0.5477738869434717,1095.0,13914
E1418_1866,0.9334667333666832,1866.0,1418
E4434_1497,0.7488744372186094,1497.0,4434
E14906_845,0.4227113556778389,845.0,14906
E18245_299,0.1495747873936968,299.0,18245
E13707_1220,0.6103051525762881,1220.0,13707
E1145_1362,0.6813406703351675,1362.0,1145
E9903_149,0.0745372686343171,149.0,9903
E6302_516,0.2581290645322661,516.0,6302
E9184_298,0.1490745372686343,298.0,9184
E11467_849,0.424712356178089,849.0,11467
E12427_1682,0.8414207103551776,1682.0,12427
E3105_1393,0.696848424212106,1393.0,3105
E4331_820,0.4102051025512756,820.0,4331
E10029_1285,0.6428214107053527,1285.0,10029
E8384_1860,0.9304652326163082,1860.0,8384
E9177_1244,0.6223111555777889,1244.0,9177
E1186_1251,0.6258129064532266,1251.0,1186
E17377_1639,0.8199099549774888,1639.0,17377
E15274_1116,0.5582791395697849,1116.0,15274
E11938_580,0.2901450725362681,580.0,11938
E9632_914,0.4572286143071535,914.0,9632
E18729_325,0.1625812906453226,325.0,18729
E8350_19,0.009504752376188,19.0,8350
E1915_1070,0.5352676338169085,1070.0,1915
E16203_1996,0.9984992496248124,1996.0,16203
E8554_1064,0.5322661330665333,1064.0,8554
E18126_590,0.2951475737868934,590.0,18126
E4460_1293,0.6468234117058529,1293.0,4460
E2043_1487,0.743871935967984,1487.0,2043
E1977_1124,0.5622811405702851,1124.0,1977
E11101_1024,0.512256128064032,1024.0,11101
E6805_1539,0.7698849424712356,1539.0,6805
E12120_144,0.0720360180090045,144.0,12120
E18832_914,0.4572286143071535,914.0,18832
E11367_619,0.3096548274137068,619.0,11367
E9826_728,0.3641820910455227,728.0,9826
E6245_1872,0.9364682341170584,1872.0,6245
E43_1931,0.9659829914957478,1931.0,43
E3376_1998,0.9994997498749376,1998.0,3376
E4030_1530,0.7653826913456728,1530.0,4030
E18222_814,0.4072036018009004,814.0,18222
E12415_150,0.0750375187593797,150.0,12415
E14008_347,0.1735867933966983,347.0,14008
E18304_1993,0.9969984992496248,1993.0,18304
E18631_1353,0.6768384192096047,1353.0,18631
E5756_1862,0.9314657328664332,1862.0,5756
E5210_895,0.4477238619309654,895.0,5210
E14631_1286,0.6433216608304152,1286.0,14631
E2676_1800,0.9004502251125562,1800.0,2676
E3534_1961,0.9809904952476238,1961.0,3534
E17146_659,0.3296648324162081,659.0,17146
E2499_1002,0.5012506253126563,1002.0,2499
E9927_1616,0.8084042021010506,1616.0,9927
E14025_854,0.4272136068034017,854.0,14025
E15957_1460,0.7303651825912957,1460.0,15957
E4483_185,0.0925462731365682,185.0,4483
E7527_1705,0.8529264632316158,1705.0,7527
E12626_1507,0.7538769384692346,1507.0,12626
E2181_1177,0.5887943971985993,1177.0,2181
E5391_1186,0.5932966483241621,1186.0,5391
E17101_616,0.3081540770385192,616.0,17101
E16455_1915,0.9579789894947474,1915.0,16455
E7895_1918,0.959479739869935,1918.0,7895
E5394_1728,0.864432216108054,1728.0,5394
E4529_1138,0.5692846423211606,1138.0,4529
E17467_1640,0.8204102051025512,1640.0,17467
E13604_311,0.1555777888944472,311.0,13604
E2533_346,0.1730865432716358,346.0,2533
E7369_952,0.4762381190595298,952.0,7369
E7220_1348,0.6743371685842922,1348.0,7220
E4458_610,0.3051525762881441,610.0,4458
E17992_889,0.4447223611805903,889.0,17992
E7741_532,0.2661330665332666,532.0,7741
E10281_1679,0.83991995997999,1679.0,10281
E4360_1329,0.6648324162081041,1329.0,4360
E4505_230,0.1150575287643821,230.0,4505
E12484_1746,0.8734367183591796,1746.0,12484
E16714_26,0.0130065032516258,26.0,16714
E5827_977,0.488744372186093,977.0,5827
E17003_1283,0.6418209104552276,1283.0,17003
E12307_753,0.376688344172086,753.0,12307
E15052_1033,0.5167583791895948,1033.0,15052
E16805_563,0.2816408204102051,563.0,16805
E10990_1480,0.7403701850925463,1480.0,10990
E11275_719,0.35967983991996,719.0,11275
E3218_1664,0.832416208104052,1664.0,3218
E3412_974,0.4872436218109054,974.0,3412
E12954_618,0.3091545772886443,618.0,12954
E12883_750,0.3751875937968984,750.0,12883
E6272_1653,0.8269134567283641,1653.0,6272
E15991_1983,0.9919959979989996,1983.0,15991
E7719_1671,0.8359179589794897,1671.0,7719
E18708_367,0.1835917958979489,367.0,18708
E18139_345,0.1725862931465732,345.0,18139
E8722_189,0.0945472736368184,189.0,8722
E795_1424,0.7123561780890445,1424.0,795
E2424_450,0.225112556278139,450.0,2424
E1952_1099,0.5497748874437218,1099.0,1952
E16734_114,0.0570285142571285,114.0,16734
E11324_788,0.3941970985492746,788.0,11324
E12800_329,0.1645822911455728,329.0,12800
E11581_365,0.1825912956478239,365.0,11581
E18085_1419,0.7098549274637319,1419.0,18085
E18822_1212,0.6063031515757878,1212.0,18822
E9000_446,0.2231115557778889,446.0,9000
E10578_620,0.3101550775387693,620.0,10578
E8309_737,0.3686843421710855,737.0,8309
E15358_1427,0.7138569284642321,1427.0,15358
E18913_1716,0.8584292146073037,1716.0,18913
E10452_1409,0.7048524262131065,1409.0,10452
E9079_1843,0.9219609804902452,1843.0,9079
E5364_1970,0.9854927463731866,1970.0,5364
E5780_1170,0.5852926463231616,1170.0,5780
E15939_1211,0.6058029014507254,1211.0,15939
E1800_1101,0.5507753876938469,1101.0,1800
E8946_1080,0.5402701350675337,1080.0,8946
E19045_1235,0.6178089044522261,1235.0,19045
E1878_627,0.3136568284142071,627.0,1878
E2694_1085,0.5427713856928464,1085.0,2694
E7664_1859,0.9299649824912456,1859.0,7664
E14000_694,0.3471735867933967,694.0,14000
E4181_1934,0.9674837418709354,1934.0,4181
E4844_1543,0.7718859429714857,1543.0,4844
E9675_221,0.1105552776388194,221.0,9675
E9241_1822,0.911455727863932,1822.0,9241
E14809_826,0.4132066033016508,826.0,14809
E13837_205,0.1025512756378189,205.0,13837
E6203_512,0.256128064032016,512.0,6203
E19619_254,0.1270635317658829,254.0,19619
E12137_1825,0.9129564782391196,1825.0,12137
E7972_1377,0.6888444222111055,1377.0,7972
E14714_411,0.2056028014007003,411.0,14714
E10321_1967,0.983991995997999,1967.0,10321
E13274_1857,0.9289644822411206,1857.0,13274
E13231_543,0.2716358179089544,543.0,13231
E16558_1436,0.7183591795897949,1436.0,16558
E16146_539,0.2696348174087044,539.0,16146
E7758_315,0.1575787893946973,315.0,7758
E2832_1393,0.696848424212106,1393.0,2832
E147_1623,0.8119059529764883,1623.0,147
E5698_1750,0.8754377188594297,1750.0,5698
E12988_186,0.0930465232616308,186.0,12988
E6029_1078,0.5392696348174087,1078.0,6029
E19066_488,0.2441220610305152,488.0,19066
E6536_283,0.1415707853926963,283.0,6536
E1572_1026,0.5132566283141571,1026.0,1572
E9053_1506,0.753376688344172,1506.0,9053
E1891_442,0.2211105552776388,442.0,1891
E18533_63,0.0315157578789394,63.0,18533
E15421_1649,0.824912456228114,1649.0,15421
E2716_1166,0.5832916458229115,1166.0,2716
E10331_880,0.4402201100550275,880.0,10331
E413_303,0.1515757878939469,303.0,413
E1493_1995,0.99799899949975,1995.0,1493
E10629_54,0.0270135067533766,54.0,10629
E11287_1571,0.7858929464732366,1571.0,11287
E6253_390,0.1950975487743872,390.0,6253
E13362_645,0.3226613306653326,645.0,13362
E14969_1734,0.8674337168584292,1734.0,14969
E17352_762,0.3811905952976488,762.0,17352
E226_1405,0.7028514257128564,1405.0,226
E16526_1681,0.840920460230115,1681.0,16526
E19554_882,0.4412206103051526,882.0,19554
E1347_809,0.4047023511755878,809.0,1347
E9514_968,0.4842421210605303,968.0,9514
E165_266,0.1330665332666333,266.0,165
E13349_1747,0.8739369684842421,1747.0,13349
E2242_1136,0.5682841420710355,1136.0,2242
E11690_564,0.2821410705352676,564.0,11690
E1693_1660,0.8304152076038019,1660.0,1693
E7173_894,0.447223611805903,894.0,7173
E14213_568,0.2841420710355177,568.0,14213
E10577_1895,0.9479739869934968,1895.0,10577
E66_28,0.0140070035017508,28.0,66
E15271_1686,0.8434217108554277,1686.0,15271
E19924_1464,0.7323661830915458,1464.0,19924
E5353_441,0.2206103051525763,441.0,5353
E15048_1009,0.5047523761880941,1009.0,15048
E6559_1392,0.6963481740870435,1392.0,6559
E7034_1194,0.5972986493246624,1194.0,7034
E8060_1458,0.7293646823411706,1458.0,8060
E5676_396,0.1980990495247623,396.0,5676
E2059_1388,0.6943471735867934,1388.0,2059
E1884_1587,0.7938969484742371,1587.0,1884
E2513_75,0.0375187593796898,75.0,2513
E7473_1562,0.7813906953476738,1562.0,7473
E10471_341,0.1705852926463231,341.0,10471
E2142_1373,0.6868434217108554,1373.0,2142
E3950_172,0.0860430215107553,172.0,3950
E10130_1119,0.5597798899449725,1119.0,10130
E14036_231,0.1155577788894447,231.0,14036
E3273_860,0.4302151075537769,860.0,3273
E13906_916,0.4582291145572786,916.0,13906
E11990_1415,0.7078539269634817,1415.0,11990
E8814_397,0.1985992996498249,397.0,8814
E14150_1958,0.9794897448724362,1958.0,14150
E13919_734,0.3671835917958979,734.0,13919
E7320_816,0.4082041020510255,816.0,7320
E15891_604,0.3021510755377689,604.0,15891
E13816_1564,0.7823911955977989,1564.0,13816
E14446_970,0.4852426213106553,970.0,14446
E8214_1690,0.8454227113556778,1690.0,8214
E11745_415,0.2076038019009504,415.0,11745
E19892_961,0.4807403701850925,961.0,19892
E4752_638,0.3191595797898949,638.0,4752
E1825_1280,0.64032016008004,1280.0,1825
E16947_831,0.4157078539269634,831.0,16947
E2640_243,0.121560780390195,243.0,2640
E7579_90,0.0450225112556278,90.0,7579
E6284_1024,0.512256128064032,1024.0,6284
E5882_645,0.3226613306653326,645.0,5882
E14135_127,0.0635317658829414,127.0,14135
E3085_1930,0.9654827413706852,1930.0,3085
E19880_1149,0.5747873936968484,1149.0,19880
E13695_402,0.2011005502751375,402.0,13695
E13125_1538,0.7693846923461731,1538.0,13125
E13521_827,0.4137068534267134,827.0,13521
E13586_847,0.423711855927964,847.0,13586
E320_247,0.1235617808904452,247.0,320
E17465_1846,0.9234617308654328,1846.0,17465
E14784_471,0.2356178089044522,471.0,14784
E18582_1745,0.8729364682341171,1745.0,18582
E19949_908,0.4542271135567784,908.0,19949
E19976_1185,0.5927963981990996,1185.0,19976
E2936_1349,0.6748374187093547,1349.0,2936
E8284_1376,0.688344172086043,1376.0,8284
E16034_1779,0.8899449724862432,1779.0,16034
E6786_1916,0.95847923961981,1916.0,6786
E9576_359,0.1795897948974487,359.0,9576
E997_128,0.064032016008004,128.0,997
E4294_807,0.4037018509254627,807.0,4294
E13037_1622,0.8114057028514257,1622.0,13037
E1443_217,0.1085542771385692,217.0,1443
E18675_1801,0.9009504752376188,1801.0,18675
E14613_78,0.0390195097548774,78.0,14613
E10523_197,0.0985492746373186,197.0,10523
E138_1469,0.7348674337168585,1469.0,138
E8095_602,0.3011505752876438,602.0,8095
E1012_1551,0.775887943971986,1551.0,1012
E11931_240,0.1200600300150075,240.0,11931
E11259_591,0.295647823911956,591.0,11259
E10162_1468,0.7343671835917959,1468.0,10162
E6665_714,0.3571785892946473,714.0,6665
E6382_1474,0.7373686843421711,1474.0,6382
E13238_394,0.1970985492746373,394.0,13238
E11595_790,0.3951975987993997,790.0,11595
E15335_884,0.4422211105552776,884.0,15335
E5971_1632,0.8164082041020511,1632.0,5971
E12363_1354,0.6773386693346674,1354.0,12363
E8961_900,0.4502251125562781,900.0,8961
E4537_702,0.3511755877938969,702.0,4537
E9274_310,0.1550775387693846,310.0,9274
E3896_85,0.0425212606303151,85.0,3896
E5289_799,0.3996998499249625,799.0,5289
E9306_782,0.3911955977988994,782.0,9306
E18021_1456,0.7283641820910455,1456.0,18021
E3378_1727,0.8639319659829915,1727.0,3378
E8479_1756,0.8784392196098049,1756.0,8479
E594_741,0.3706853426713357,741.0,594
E11825_304,0.1520760380190095,304.0,11825
E16465_1276,0.6383191595797899,1276.0,16465
E12771_1048,0.5242621310655328,1048.0,12771
E10821_513,0.2566283141570785,513.0,10821
E16700_1331,0.6658329164582291,1331.0,16700
E18704_1785,0.8929464732366184,1785.0,18704
E13450_970,0.4852426213106553,970.0,13450
E7833_1430,0.7153576788394197,1430.0,7833
E502_1178,0.5892946473236619,1178.0,502
E5361_289,0.1445722861430715,289.0,5361
E7287_1937,0.968984492246123,1937.0,7287
E16365_1065,0.5327663831915957,1065.0,16365
E12399_1077,0.5387693846923461,1077.0,12399
E12583_153,0.0765382691345672,153.0,12583
E10976_1008,0.5042521260630315,1008.0,10976
E11207_765,0.3826913456728364,765.0,11207
E9361_632,0.3161580790395197,632.0,9361
E4842_697,0.3486743371685843,697.0,4842
E10134_1180,0.5902951475737869,1180.0,10134
E6019_630,0.3151575787893947,630.0,6019
E16288_83,0.0415207603801901,83.0,16288
E15298_971,0.4857428714357178,971.0,15298
E6514_938,0.4692346173086543,938.0,6514
E17754_898,0.449224612306153,898.0,17754
E15689_870,0.4352176088044022,870.0,15689
E18656_261,0.1305652826413206,261.0,18656
E13137_1103,0.551775887943972,1103.0,13137
E17033_1027,0.5137568784392196,1027.0,17033
E6427_1414,0.7073536768384192,1414.0,6427
E2782_931,0.4657328664332166,931.0,2782
E14994_1263,0.631815907953977,1263.0,14994
E5872_689,0.344672336168084,689.0,5872
E3261_1260,0.6303151575787894,1260.0,3261
E7714_1976,0.9884942471235618,1976.0,7714
E5063_903,0.4517258629314657,903.0,5063
E8609_1907,0.9539769884942472,1907.0,8609
E9242_1216,0.608304152076038,1216.0,9242
E12496_1443,0.7218609304652326,1443.0,12496
E11823_1965,0.982991495747874,1965.0,11823
E17277_1944,0.9724862431215608,1944.0,17277
E9047_951,0.4757378689344672,951.0,9047
E10484_1169,0.5847923961980991,1169.0,10484
E4284_194,0.097048524262131,194.0,4284
E7329_1842,0.9214607303651826,1842.0,7329
E18264_1636,0.8184092046023012,1636.0,18264
E15770_573,0.2866433216608304,573.0,15770
E5615_1028,0.5142571285642822,1028.0,5615
E14341_236,0.1180590295147573,236.0,14341
E7788_73,0.0365182591295647,73.0,7788
E10211_1878,0.9394697348674336,1878.0,10211
E1883_482,0.24112056028014,482.0,1883
E3154_1275,0.6378189094547274,1275.0,3154
E7502_580,0.2901450725362681,580.0,7502
E19849_910,0.4552276138069034,910.0,19849
E12656_213,0.1065532766383191,213.0,12656
E5111_1627,0.8139069534767384,1627.0,5111
E19445_786,0.3931965982991496,786.0,19445
E13573_888,0.4442221110555278,888.0,13573
E12989_936,0.4682341170585292,936.0,12989
E14495_1875,0.937968984492246,1875.0,14495
E15996_279,0.1395697848924462,279.0,15996
E14393_61,0.0305152576288144,61.0,14393
E1733_1284,0.6423211605802901,1284.0,1733
E14621_1504,0.752376188094047,1504.0,14621
E14604_2,0.001000500250125,2.0,14604
E6528_219,0.1095547773886943,219.0,6528
E14813_117,0.0585292646323161,117.0,14813
E13979_97,0.0485242621310655,97.0,13979
E19898_1058,0.5292646323161581,1058.0,19898
E19553_1935,0.967983991995998,1935.0,19553
E17641_1075,0.5377688844422212,1075.0,17641
E19643_317,0.1585792896448224,317.0,19643
E1340_1020,0.5102551275637819,1020.0,1340
E19808_1560,0.7803901950975488,1560.0,19808
E7311_1802,0.9014507253626812,1802.0,7311
E15784_171,0.0855427713856928,171.0,15784
E3092_96,0.048024012006003,96.0,3092
E11341_990,0.4952476238119059,990.0,11341
E18676_827,0.4137068534267134,827.0,18676
E8232_445,0.2226113056528264,445.0,8232
E4835_536,0.2681340670335168,536.0,4835
E447_1022,0.511255627813907,1022.0,447
E16488_1111,0.5557778889444722,1111.0,16488
E4874_425,0.2126063031515757,425.0,4874
E18014_960,0.48024012006003,960.0,18014
E19087_519,0.2596298149074537,519.0,19087
E15886_1417,0.7088544272136068,1417.0,15886
E12518_588,0.2941470735367684,588.0,12518
E9217_1609,0.8049024512256128,1609.0,9217
E13133_1227,0.6138069034517258,1227.0,13133
E3209_1113,0.5567783891945973,1113.0,3209
E5093_744,0.3721860930465233,744.0,5093
E18823_349,0.1745872936468234,349.0,18823
E19981_963,0.4817408704352176,963.0,19981
E17566_654,0.3271635817908954,654.0,17566
E6439_353,0.1765882941470735,353.0,6439
E17320_897,0.4487243621810905,897.0,17320
E319_203,0.1015507753876938,203.0,319
E1218_229,0.1145572786393196,229.0,1218
E15327_55,0.0275137568784392,55.0,15327
E10044_1232,0.6163081540770385,1232.0,10044
E9999_707,0.3536768384192096,707.0,9999
E8460_376,0.1880940470235117,376.0,8460
E3238_1599,0.7998999499749875,1599.0,3238
E14844_1688,0.8444222111055528,1688.0,14844
E5257_1039,0.51975987993997,1039.0,5257
E13055_280,0.1400700350175087,280.0,13055
E18671_1269,0.6348174087043522,1269.0,18671
E17082_1626,0.8134067033516759,1626.0,17082
E16185_424,0.2121060530265132,424.0,16185
E1408_112,0.0560280140070035,112.0,1408
E19405_1375,0.6878439219609805,1375.0,19405
E18681_1804,0.9024512256128064,1804.0,18681
E13752_642,0.321160580290145,642.0,13752
E12076_124,0.0620310155077538,124.0,12076
E16665_109,0.0545272636318159,109.0,16665
E9795_1364,0.6823411705852926,1364.0,9795
E5962_392,0.1960980490245122,392.0,5962
E18453_695,0.3476738369184592,695.0,18453
E6084_705,0.3526763381690845,705.0,6084
E11999_507,0.2536268134067033,507.0,11999
E8998_66,0.033016508254127,66.0,8998
E15637_1824,0.912456228114057,1824.0,15637
E3328_1691,0.8459229614807404,1691.0,3328
E18654_761,0.3806903451725863,761.0,18654
E19914_1339,0.6698349174587294,1339.0,19914
E9510_1272,0.6363181590795398,1272.0,9510
E2664_1452,0.7263631815907954,1452.0,2664
E7296_1258,0.6293146573286643,1258.0,7296
E3974_958,0.4792396198099049,958.0,3974
E7144_1054,0.527263631815908,1054.0,7144
E14587_955,0.4777388694347174,955.0,14587
E6145_327,0.1635817908954477,327.0,6145
E7812_520,0.2601300650325162,520.0,7812
E14374_52,0.0260130065032516,52.0,14374
E5047_731,0.3656828414207103,731.0,5047
E14722_406,0.2031015507753877,406.0,14722
E7515_1152,0.576288144072036,1152.0,7515
E19930_1135,0.567783891945973,1135.0,19930
E13106_1648,0.8244122061030515,1648.0,13106
E10845_775,0.3876938469234617,775.0,10845
E9375_1545,0.7728864432216108,1545.0,9375
E8616_503,0.2516258129064532,503.0,8616
E1888_1838,0.9194597298649324,1838.0,1888
E11118_182,0.0910455227613806,182.0,11118
E6962_856,0.4282141070535267,856.0,6962
E1598_1287,0.6438219109554777,1287.0,1598
E16204_1788,0.894447223611806,1788.0,16204
E12149_140,0.0700350175087543,140.0,12149
E6780_1905,0.952976488244122,1905.0,6780
E11739_1513,0.7568784392196098,1513.0,11739
E5265_1751,0.8759379689844923,1751.0,5265
E2535_687,0.3436718359179589,687.0,2535
E8419_493,0.2466233116558279,493.0,8419
E10337_1125,0.5627813906953477,1125.0,10337
E12460_261,0.1305652826413206,261.0,12460
E15485_998,0.4992496248124062,998.0,15485
E12072_1225,0.6128064032016008,1225.0,12072
E14004_1660,0.8304152076038019,1660.0,14004
E17056_1881,0.9409704852426212,1881.0,17056
E13368_1525,0.7628814407203601,1525.0,13368
E251_526,0.2631315657828914,526.0,251
E17681_302,0.1510755377688844,302.0,17681
E11956_67,0.0335167583791896,67.0,11956
E11008_748,0.3741870935467734,748.0,11008
E5326_1651,0.8259129564782391,1651.0,5326
E2871_1334,0.6673336668334167,1334.0,2871
E8025_357,0.1785892946473236,357.0,8025
E1099_1467,0.7338669334667334,1467.0,1099
E12161_1365,0.6828414207103551,1365.0,12161
E8970_1583,0.791895947973987,1583.0,8970
E18544_786,0.3931965982991496,786.0,18544
E16793_46,0.0230115057528764,46.0,16793
E10147_1161,0.5807903951975988,1161.0,10147
E1848_1732,0.8664332166083042,1732.0,1848
E3640_1379,0.6898449224612306,1379.0,3640
E1629_688,0.3441720860430215,688.0,1629
E19897_9,0.0045022511255627,9.0,19897
E19719_1301,0.6508254127063532,1301.0,19719
E2293_757,0.3786893446723361,757.0,2293
E7077_1926,0.9634817408704353,1926.0,7077
E4609_1613,0.806903451725863,1613.0,4609
E9752_565,0.2826413206603301,565.0,9752
E4139_183,0.0915457728864432,183.0,4139
E3304_623,0.3116558279139569,623.0,3304
E8929_1347,0.6738369184592297,1347.0,8929
E3560_1316,0.6583291645822912,1316.0,3560
E17345_683,0.3416708354177089,683.0,17345
E5318_1596,0.7983991995997999,1596.0,5318
E12422_601,0.3006503251625813,601.0,12422
E688_212,0.1060530265132566,212.0,688
E14876_1813,0.9069534767383692,1813.0,14876
E10276_443,0.2216108054027013,443.0,10276
E19365_1840,0.9204602301150576,1840.0,19365
E4518_907,0.4537268634317158,907.0,4518
E10583_1897,0.9489744872436218,1897.0,10583
E19598_77,0.0385192596298149,77.0,19598
E9018_1002,0.5012506253126563,1002.0,9018
E11769_650,0.3251625812906453,650.0,11769
E229_1864,0.9324662331165584,1864.0,229
E6719_1768,0.8844422211105553,1768.0,6719
E16180_531,0.2656328164082041,531.0,16180
E17374_978,0.4892446223111555,978.0,17374
E11812_1550,0.7753876938469234,1550.0,11812
E12025_31,0.0155077538769384,31.0,12025
E2214_607,0.3036518259129565,607.0,2214
E13080_1218,0.609304652326163,1218.0,13080
E15058_10,0.0050025012506253,10.0,15058
E1609_463,0.2316158079039519,463.0,1609
E629_10,0.0050025012506253,10.0,629
E14768_1964,0.9824912456228114,1964.0,14768
E9090_1069,0.534767383691846,1069.0,9090
E17092_1913,0.9569784892446224,1913.0,17092
E17632_765,0.3826913456728364,765.0,17632
E6105_1537,0.7688844422211105,1537.0,6105
E8176_551,0.2756378189094547,551.0,8176
E14765_461,0.2306153076538269,461.0,14765
E6095_1196,0.5982991495747874,1196.0,6095
E10560_540,0.2701350675337668,540.0,10560
E15103_1634,0.817408704352176,1634.0,15103
E16678_39,0.0195097548774387,39.0,16678
E3399_733,0.3666833416708354,733.0,3399
E2893_1889,0.9449724862431216,1889.0,2893
E1411_1472,0.7363681840920461,1472.0,1411
E1275_546,0.273136568284142,546.0,1275
E18901_1312,0.656328164082041,1312.0,18901
E10472_1141,0.5707853926963482,1141.0,10472
E4038_1894,0.9474737368684342,1894.0,4038
E2540_1768,0.8844422211105553,1768.0,2540
E1718_1595,0.7978989494747374,1595.0,1718
E2136_1761,0.8809404702351176,1761.0,2136
E2279_1304,0.6523261630815408,1304.0,2279
E5329_999,0.4997498749374687,999.0,5329
E5119_1082,0.5412706353176588,1082.0,5119
E15856_1518,0.7593796898449224,1518.0,15856
E15021_1871,0.935967983991996,1871.0,15021
E4469_403,0.2016008004002001,403.0,4469
E16023_1923,0.9619809904952475,1923.0,16023
E1371_1675,0.8379189594797398,1675.0,1371
E1518_639,0.3196598299149575,639.0,1518
E14618_207,0.1035517758879439,207.0,14618
E3308_1988,0.994497248624312,1988.0,3308
E12491_147,0.0735367683841921,147.0,12491
E15246_92,0.0460230115057528,92.0,15246
E5357_1702,0.8514257128564282,1702.0,5357
E18889_553,0.2766383191595798,553.0,18889
E2213_1278,0.639319659829915,1278.0,2213
E19896_736,0.368184092046023,736.0,19896
E1151_1808,0.9044522261130564,1808.0,1151
E16738_132,0.0660330165082541,132.0,16738
E16143_319,0.1595797898949474,319.0,16143
E5039_1954,0.977488744372186,1954.0,5039
E7661_441,0.2206103051525763,441.0,7661
E1054_188,0.0940470235117558,188.0,1054
E4138_919,0.4597298649324662,919.0,4138
E1989_294,0.1470735367683842,294.0,1989
E18479_698,0.3491745872936468,698.0,18479
E4919_1639,0.8199099549774888,1639.0,4919
E2689_790,0.3951975987993997,790.0,2689
E16724_1327,0.663831915957979,1327.0,16724
E17614_1490,0.7453726863431716,1490.0,17614
E329_332,0.1660830415207604,332.0,329
E6348_853,0.4267133566783391,853.0,6348
E2018_887,0.4437218609304652,887.0,2018
E2651_917,0.4587293646823411,917.0,2651
E18326_649,0.3246623311655828,649.0,18326
E17248_994,0.497248624312156,994.0,17248
E5085_1554,0.7773886943471736,1554.0,5085
E17390_1971,0.9859929964982492,1971.0,17390
E4316_1658,0.8294147073536768,1658.0,4316
E1103_201,0.1005502751375687,201.0,1103
E4337_671,0.3356678339169585,671.0,4337
E13970_1090,0.545272636318159,1090.0,13970
E19705_414,0.2071035517758879,414.0,19705
E13963_1749,0.8749374687343672,1749.0,13963
E13667_1297,0.6488244122061031,1297.0,13667
E16276_535,0.2676338169084542,535.0,16276
E5701_1254,0.6273136568284142,1254.0,5701
E13783_537,0.2686343171585792,537.0,13783
E15206_1665,0.8329164582291145,1665.0,15206
E369_159,0.0795397698849424,159.0,369
E14210_1555,0.7778889444722361,1555.0,14210
E6763_1924,0.9624812406203102,1924.0,6763
E19184_855,0.4277138569284642,855.0,19184
E12265_890,0.4452226113056528,890.0,12265
E5568_1932,0.9664832416208105,1932.0,5568
E4611_1197,0.59879939969985,1197.0,4611
E8595_1626,0.8134067033516759,1626.0,8595
E5590_820,0.4102051025512756,820.0,5590
E1767_1144,0.5722861430715358,1144.0,1767
E4499_1952,0.976488244122061,1952.0,4499
E17018_739,0.3696848424212106,739.0,17018
E1715_1910,0.9554777388694348,1910.0,1715
E11330_434,0.2171085542771385,434.0,11330
E9064_760,0.3801900950475237,760.0,9064
E19011_1183,0.5917958979489745,1183.0,19011
E11644_702,0.3511755877938969,702.0,11644
E6483_251,0.1255627813906953,251.0,6483
E13916_679,0.3396698349174587,679.0,13916
E10863_1096,0.5482741370685342,1096.0,10863
E1614_1338,0.6693346673336669,1338.0,1614
E13945_839,0.4197098549274637,839.0,13945
E9240_742,0.3711855927963982,742.0,9240
E7457_1147,0.5737868934467234,1147.0,7457
E6778_324,0.1620810405202601,324.0,6778
E8451_944,0.4722361180590295,944.0,8451
E10302_314,0.1570785392696348,314.0,10302
E11214_666,0.3331665832916458,666.0,11214
E15497_594,0.2971485742871436,594.0,15497
E6267_745,0.3726863431715858,745.0,6267
E14873_1573,0.7868934467233617,1573.0,14873
E12096_223,0.1115557778889444,223.0,12096
E8800_1345,0.6728364182091046,1345.0,8800
E19128_1650,0.8254127063531765,1650.0,19128
E13509_1514,0.7573786893446723,1514.0,13509
E5107_437,0.2186093046523261,437.0,5107
E11476_769,0.3846923461730865,769.0,11476
E13861_487,0.2436218109054527,487.0,13861
E6484_1292,0.6463231615807904,1292.0,6484
E9308_1237,0.6188094047023511,1237.0,9308
E10586_100,0.0500250125062531,100.0,10586
E10023_234,0.1170585292646323,234.0,10023
E2307_867,0.4337168584292146,867.0,2307
E14741_1755,0.8779389694847424,1755.0,14741
E13453_102,0.0510255127563781,102.0,13453
E2823_1829,0.9149574787393696,1829.0,2823
E14584_1831,0.9159579789894948,1831.0,14584
E14358_517,0.2586293146573287,517.0,14358
E7907_22,0.0110055027513756,22.0,7907
E9420_573,0.2866433216608304,573.0,9420
E14015_328,0.1640820410205102,328.0,14015
E5447_1387,0.6938469234617308,1387.0,5447
E175_264,0.1320660330165082,264.0,175
E5793_1412,0.7063531765882941,1412.0,5793
E6766_86,0.0430215107553776,86.0,6766
E11489_1512,0.7563781890945472,1512.0,11489
E19685_1521,0.76088044022011,1521.0,19685
E5741_1618,0.8094047023511756,1618.0,5741
E3397_1282,0.6413206603301651,1282.0,3397
E1772_1771,0.8859429714857429,1771.0,1772
E4135_453,0.2266133066533266,453.0,4135
E17052_484,0.2421210605302651,484.0,17052
E17309_1226,0.6133066533266633,1226.0,17309
E7534_7,0.0035017508754377,7.0,7534
E7416_1158,0.5792896448224112,1158.0,7416
E18732_1936,0.9684842421210604,1936.0,18732
E14363_290,0.145072536268134,290.0,14363
E13772_1346,0.673336668334167,1346.0,13772
E6022_615,0.3076538269134567,615.0,6022
E17758_385,0.1925962981490745,385.0,17758
E14790_1195,0.5977988994497249,1195.0,14790
E9119_15,0.0075037518759379,15.0,9119
E950_1501,0.7508754377188595,1501.0,950
E10598_224,0.112056028014007,224.0,10598
E12081_1624,0.8124062031015508,1624.0,12081
E18926_1369,0.6848424212106053,1369.0,18926
E19552_362,0.1810905452726363,362.0,19552
E12323_1933,0.966983491745873,1933.0,12323
E1097_1316,0.6583291645822912,1316.0,1097
E2554_154,0.0770385192596298,154.0,2554
E9672_36,0.0180090045022511,36.0,9672
E10522_369,0.184592296148074,369.0,10522
E12041_1118,0.5592796398199099,1118.0,12041
E2063_1845,0.9229614807403702,1845.0,2063
E18031_1950,0.975487743871936,1950.0,18031
E15847_727,0.3636818409204602,727.0,15847
E8272_934,0.4672336168084042,934.0,8272
E14786_717,0.3586793396698349,717.0,14786
E10910_822,0.4112056028014007,822.0,10910
E9376_1132,0.5662831415707854,1132.0,9376
E10282_1576,0.7883941970985493,1576.0,10282
E7864_1833,0.9169584792396198,1833.0,7864
E12461_1769,0.8849424712356178,1769.0,12461
E17170_60,0.0300150075037518,60.0,17170
E15350_1985,0.9929964982491246,1985.0,15350
E5634_665,0.3326663331665833,665.0,5634
E10935_684,0.3421710855427713,684.0,10935
E9664_81,0.040520260130065,81.0,9664
E9934_1273,0.6368184092046023,1273.0,9934
E14426_823,0.4117058529264632,823.0,14426
E9128_1830,0.9154577288644322,1830.0,9128
E10476_1620,0.8104052026013007,1620.0,10476
E9617_1205,0.6028014007003502,1205.0,9617
E9994_1432,0.7163581790895448,1432.0,9994
E18906_681,0.3406703351675837,681.0,18906
E9462_1091,0.5457728864432216,1091.0,9462
E7938_1342,0.671335667833917,1342.0,7938
E2826_1502,0.751375687843922,1502.0,2826
E2022_1073,0.536768384192096,1073.0,2022
E14595_837,0.4187093546773386,837.0,14595
E10770_1200,0.6003001500750376,1200.0,10770
E11731_628,0.3141570785392696,628.0,11731
E16422_296,0.1480740370185092,296.0,16422
E4732_1115,0.5577788894447223,1115.0,4732
E466_38,0.0190095047523761,38.0,466
E14174_677,0.3386693346673337,677.0,14174
E5106_407,0.2036018009004502,407.0,5106
E16785_1057,0.5287643821910956,1057.0,16785
E13095_1607,0.8039019509754878,1607.0,13095
E15241_948,0.4742371185592796,948.0,15241
E6215_1922,0.961480740370185,1922.0,6215
E8003_1868,0.9344672336168084,1868.0,8003
E17135_1259,0.6298149074537268,1259.0,17135
E5501_1144,0.5722861430715358,1144.0,5501
E6034_1550,0.7753876938469234,1550.0,6034
E10120_524,0.2621310655327664,524.0,10120
E16691_1761,0.8809404702351176,1761.0,16691
E3244_199,0.0995497748874437,199.0,3244
E7345_1123,0.5617808904452226,1123.0,7345
E18905_418,0.209104552276138,418.0,18905
E4914_1063,0.5317658829414708,1063.0,4914
E9951_1441,0.7208604302151076,1441.0,9951
E4812_34,0.017008504252126,34.0,4812
E17651_1940,0.9704852426213106,1940.0,17651
E11078_1341,0.6708354177088545,1341.0,11078
E11215_235,0.1175587793896948,235.0,11215
E17393_504,0.2521260630315157,504.0,17393
E3511_1061,0.5307653826913457,1061.0,3511
E5646_1411,0.7058529264632316,1411.0,5646
E17238_146,0.0730365182591295,146.0,17238
E6468_1159,0.5797898949474737,1159.0,6468
E12676_1789,0.8949474737368684,1789.0,12676
E12330_1163,0.5817908954477239,1163.0,12330
E2125_1385,0.6928464232116058,1385.0,2125
E6146_93,0.0465232616308154,93.0,6146
E8017_1168,0.5842921460730365,1168.0,8017
E19714_508,0.2541270635317659,508.0,19714
E9444_915,0.4577288644322161,915.0,9444
E7641_1014,0.5072536268134067,1014.0,7641
E8984_1900,0.9504752376188094,1900.0,8984
E146_621,0.3106553276638319,621.0,146
E8901_1201,0.6008004002001001,1201.0,8901
E4615_1904,0.9524762381190596,1904.0,4615
E14742_596,0.2981490745372686,596.0,14742
E15222_1473,0.7368684342171086,1473.0,15222
E4551_47,0.0235117558779389,47.0,4551
E11361_114,0.0570285142571285,114.0,11361
E260_1145,0.5727863931965983,1145.0,260
E12999_1120,0.560280140070035,1120.0,12999
E19393_1505,0.7528764382191095,1505.0,19393
E7872_1794,0.897448724362181,1794.0,7872
E12718_489,0.2446223111555777,489.0,12718
E11555_1925,0.9629814907453726,1925.0,11555
E9158_1975,0.9879939969984992,1975.0,9158
E19755_869,0.4347173586793397,869.0,19755
E1834_706,0.353176588294147,706.0,1834
E9198_242,0.1210605302651325,242.0,9198
E7956_774,0.3871935967983992,774.0,7956
E9502_1079,0.5397698849424712,1079.0,9502
E17882_103,0.0515257628814407,103.0,17882
E15833_1606,0.8034017008504252,1606.0,15833
E5298_1707,0.8539269634817409,1707.0,5298
E13428_528,0.2641320660330165,528.0,13428
E14406_68,0.0340170085042521,68.0,14406
E16771_1207,0.6038019009504753,1207.0,16771
E17061_1854,0.927463731865933,1854.0,17061
E1228_1048,0.5242621310655328,1048.0,1228
E585_1245,0.6228114057028514,1245.0,585
E17918_277,0.1385692846423211,277.0,17918
E13754_1023,0.5117558779389695,1023.0,13754
E3544_1979,0.9899949974987494,1979.0,3544
E12144_1443,0.7218609304652326,1443.0,12144
E18700_1810,0.9054527263631816,1810.0,18700
E3819_1142,0.5712856428214107,1142.0,3819
E3522_14,0.0070035017508754,14.0,3522
E19904_492,0.2461230615307653,492.0,19904
E4926_1036,0.5182591295647824,1036.0,4926
E19753_614,0.3071535767883942,614.0,19753
E6011_199,0.0995497748874437,199.0,6011
E5693_829,0.4147073536768384,829.0,5693
E8950_412,0.2061030515257629,412.0,8950
E181_956,0.4782391195597799,956.0,181
E13309_1699,0.8499249624812406,1699.0,13309
E7578_1700,0.8504252126063031,1700.0,7578
E6533_249,0.1245622811405702,249.0,6533
E6240_1696,0.848424212106053,1696.0,6240
E13504_1973,0.9869934967483742,1973.0,13504
E19476_1076,0.5382691345672836,1076.0,19476
E7499_1928,0.9644822411205602,1928.0,7499
E694_1011,0.5057528764382191,1011.0,694
E17826_863,0.4317158579289645,863.0,17826
E6576_806,0.4032016008004002,806.0,6576
E18683_1336,0.6683341670835418,1336.0,18683
E5932_787,0.3936968484242121,787.0,5932
E18826_1051,0.5257628814407204,1051.0,18826
E18138_1492,0.7463731865932967,1492.0,18138
E16791_308,0.1540770385192596,308.0,16791
E4310_211,0.1055527763881941,211.0,4310
E8874_583,0.2916458229114557,583.0,8874
E4092_1213,0.6068034017008505,1213.0,4092
E17506_49,0.024512256128064,49.0,17506
E7843_1029,0.5147573786893447,1029.0,7843
E16360_832,0.416208104052026,832.0,16360
E7090_1482,0.7413706853426714,1482.0,7090
E9707_1763,0.8819409704852427,1763.0,9707
E4311_612,0.3061530765382691,612.0,4311
E9796_405,0.2026013006503251,405.0,9796
E8636_1101,0.5507753876938469,1101.0,8636
E14824_1242,0.6213106553276638,1242.0,14824
E10688_1611,0.8059029514757379,1611.0,10688
E17405_465,0.232616308154077,465.0,17405
E15108_81,0.040520260130065,81.0,15108
E931_1397,0.6988494247123562,1397.0,931
E14940_1941,0.9709854927463732,1941.0,14940
E4016_947,0.4737368684342171,947.0,4016
E11604_1130,0.5652826413206603,1130.0,11604
E3673_320,0.16008004002001,320.0,3673
E12269_512,0.256128064032016,512.0,12269
E16525_366,0.1830915457728864,366.0,16525
E8185_416,0.208104052026013,416.0,8185
E11754_1340,0.6703351675837919,1340.0,11754
E6566_1335,0.6678339169584793,1335.0,6566
E6472_1997,0.9989994997498748,1997.0,6472
E12946_1026,0.5132566283141571,1026.0,12946
E10504_251,0.1255627813906953,251.0,10504
E6814_851,0.4257128564282141,851.0,6814
E18824_1943,0.9719859929964982,1943.0,18824
E8622_1351,0.6758379189594798,1351.0,8622
E17848_318,0.1590795397698849,318.0,17848
E1539_1071,0.535767883941971,1071.0,1539
E3200_1234,0.6173086543271635,1234.0,3200
E8642_1016,0.5082541270635318,1016.0,8642
E5534_934,0.4672336168084042,934.0,5534
E3528_599,0.2996498249124562,599.0,3528
E12158_1735,0.8679339669834918,1735.0,12158
E19781_1718,0.8594297148574287,1718.0,19781
E5621_1210,0.6053026513256629,1210.0,5621
E2612_165,0.0825412706353176,165.0,2612
E4292_1541,0.7708854427213607,1541.0,4292
E1161_1291,0.6458229114557279,1291.0,1161
E12529_1917,0.9589794897448723,1917.0,12529
E3779_1195,0.5977988994497249,1195.0,3779
E4355_1484,0.7423711855927964,1484.0,4355
E11351_134,0.0670335167583792,134.0,11351
E10296_300,0.1500750375187594,300.0,10296
E14464_864,0.432216108054027,864.0,14464
E752_1355,0.6778389194597298,1355.0,752
E8170_1397,0.6988494247123562,1397.0,8170
E12367_1493,0.7468734367183592,1493.0,12367
E17346_350,0.1750875437718859,350.0,17346
E2671_1569,0.7848924462231116,1569.0,2671
E3709_80,0.0400200100050025,80.0,3709
E8727_1516,0.7583791895947974,1516.0,8727
E19233_922,0.4612306153076538,922.0,19233
E7169_1129,0.5647823911955978,1129.0,7169
E19952_1515,0.7578789394697348,1515.0,19952
E13745_682,0.3411705852926463,682.0,13745
E16570_1604,0.8024012006003002,1604.0,16570
E18719_840,0.4202101050525262,840.0,18719
E15510_924,0.4622311155577789,924.0,15510
E1874_584,0.2921460730365182,584.0,1874
E11821_1202,0.6013006503251626,1202.0,11821
E3548_1134,0.5672836418209104,1134.0,3548
E19138_843,0.4217108554277138,843.0,19138
E7596_1883,0.9419709854927464,1883.0,7596
E11762_421,0.2106053026513256,421.0,11762
E5745_440,0.2201100550275137,440.0,5745
E1589_1684,0.8424212106053026,1684.0,1589
E4245_522,0.2611305652826413,522.0,4245
E16889_402,0.2011005502751375,402.0,16889
E6237_1814,0.9074537268634316,1814.0,6237
E13867_891,0.4457228614307154,891.0,13867
E16097_1900,0.9504752376188094,1900.0,16097
E3698_1277,0.6388194097048524,1277.0,3698
E11816_1591,0.7958979489744873,1591.0,11816
E13710_1156,0.5782891445722862,1156.0,13710
E18423_1861,0.9309654827413708,1861.0,18423
E8006_1087,0.5437718859429714,1087.0,8006
E15787_1455,0.727863931965983,1455.0,15787
E11333_805,0.4027013506753377,805.0,11333
E16264_1242,0.6213106553276638,1242.0,16264
E7937_323,0.1615807903951976,323.0,7937
E11482_1329,0.6648324162081041,1329.0,11482
E10681_1378,0.689344672336168,1378.0,10681
E303_161,0.0805402701350675,161.0,303
E3506_8,0.0040020010005002,8.0,3506
E16165_387,0.1935967983991996,387.0,16165
E8989_1005,0.5027513756878439,1005.0,8989
E8837_1720,0.8604302151075538,1720.0,8837
E8532_1517,0.7588794397198599,1517.0,8532
E8031_1657,0.8289144572286143,1657.0,8031
E737_711,0.3556778389194597,711.0,737
E7998_592,0.2961480740370185,592.0,7998
E3229_1623,0.8119059529764883,1623.0,3229
E4429_1327,0.663831915957979,1327.0,4429
E2401_1898,0.9494747373686844,1898.0,2401
E18324_777,0.3886943471735868,777.0,18324
E7605_478,0.2391195597798899,478.0,7605
E17499_1533,0.7668834417208604,1533.0,17499
E8282_1592,0.7963981990995498,1592.0,8282
E9966_1919,0.9599799899949976,1919.0,9966
E1487_1122,0.5612806403201601,1122.0,1487
E10904_1215,0.6078039019509754,1215.0,10904
E8741_34,0.017008504252126,34.0,8741
E5191_1363,0.6818409204602301,1363.0,5191
E949_27,0.0135067533766883,27.0,949
E768_746,0.3731865932966483,746.0,768
E4834_1081,0.5407703851925963,1081.0,4834
E16322_40,0.0200100050025012,40.0,16322
E18568_370,0.1850925462731365,370.0,18568
E14845_793,0.3966983491745873,793.0,14845
E4358_132,0.0660330165082541,132.0,4358
E12617_811,0.4057028514257128,811.0,12617
E745_578,0.2891445722861431,578.0,745
E1484_1646,0.8234117058529264,1646.0,1484
E18738_1686,0.8434217108554277,1686.0,18738
E13429_530,0.2651325662831416,530.0,13429
E15910_1945,0.9729864932466232,1945.0,15910
E19778_1361,0.680840420210105,1361.0,19778
E18404_399,0.1995997998999499,399.0,18404
E2085_836,0.4182091045522761,836.0,2085
E9461_1542,0.7713856928464232,1542.0,9461
E5844_1879,0.9399699849924964,1879.0,5844
E5749_1208,0.6043021510755378,1208.0,5749
E2439_1279,0.6398199099549775,1279.0,2439
E606_1643,0.8219109554777388,1643.0,606
E17318_486,0.2431215607803901,486.0,17318
E13008_1906,0.9534767383691846,1906.0,13008
E8976_375,0.1875937968984492,375.0,8976
E5029_868,0.4342171085542771,868.0,5029
E10556_1040,0.5202601300650325,1040.0,10556
E19702_306,0.1530765382691345,306.0,19702
E12738_1529,0.7648824412206103,1529.0,12738
E61_1447,0.7238619309654828,1447.0,61
E3234_266,0.1330665332666333,266.0,3234
E2900_505,0.2526263131565783,505.0,2900
E11613_1274,0.6373186593296648,1274.0,11613
E348_117,0.0585292646323161,117.0,348
E17777_151,0.0755377688844422,151.0,17777
E12261_709,0.3546773386693346,709.0,12261
E18277_735,0.3676838419209605,735.0,18277
E8877_1597,0.7988994497248624,1597.0,8877
E2396_876,0.4382191095547774,876.0,2396
E1444_637,0.3186593296648324,637.0,1444
E7494_1955,0.9779889944972486,1955.0,7494
E12569_1418,0.7093546773386693,1418.0,12569
E9453_1722,0.8614307153576788,1722.0,9453
E1497_198,0.0990495247623811,198.0,1497
E12706_1074,0.5372686343171585,1074.0,12706
E12735_1571,0.7858929464732366,1571.0,12735
E7043_1408,0.704352176088044,1408.0,7043
E9633_250,0.1250625312656328,250.0,9633
E17638_1724,0.8624312156078039,1724.0,17638
E14615_1032,0.5162581290645323,1032.0,14615
E10967_1372,0.6863431715857929,1372.0,10967
E126_1005,0.5027513756878439,1005.0,126
E16930_712,0.3561780890445222,712.0,16930
E5045_1,0.0005002501250625,1.0,5045
E3503_796,0.3981990995497749,796.0,3503
E3082_1166,0.5832916458229115,1166.0,3082
E12329_1252,0.6263131565782891,1252.0,12329
E15593_20,0.0100050025012506,20.0,15593
E17355_1670,0.8354177088544272,1670.0,17355
E14207_949,0.4747373686843422,949.0,14207
E954_593,0.296648324162081,593.0,954
E16134_1309,0.6548274137068534,1309.0,16134
E16350_94,0.0470235117558779,94.0,16350
E9038_771,0.3856928464232116,771.0,9038
E19019_449,0.2246123061530765,449.0,19019
E7832_380,0.1900950475237618,380.0,7832
E535_331,0.1655827913956978,331.0,535
E18620_136,0.0680340170085042,136.0,18620
E5674_1817,0.9089544772386192,1817.0,5674
E31_1494,0.7473736868434218,1494.0,31
E3725_1131,0.5657828914457229,1131.0,3725
E17185_1709,0.8549274637318659,1709.0,17185
E4028_1834,0.9174587293646824,1834.0,4028
E6904_772,0.3861930965482741,772.0,6904
E16502_737,0.3686843421710855,737.0,16502
E19878_1574,0.7873936968484242,1574.0,19878
E7729_1850,0.9254627313656828,1850.0,7729
E7671_1638,0.8194097048524263,1638.0,7671
E18292_346,0.1730865432716358,346.0,18292
E4196_342,0.1710855427713856,342.0,4196
E2829_64,0.032016008004002,64.0,2829
E5306_1946,0.9734867433716858,1946.0,5306
E11968_1558,0.7793896948474237,1558.0,11968
E13185_155,0.0775387693846923,155.0,13185
E3367_1479,0.7398699349674838,1479.0,3367
E15934_987,0.4937468734367183,987.0,15934
E8635_1360,0.6803401700850426,1360.0,8635
E6746_1544,0.7723861930965483,1544.0,6746
E17831_466,0.2331165582791395,466.0,17831
E4152_126,0.0630315157578789,126.0,4152
E6804_1323,0.6618309154577289,1323.0,6804
E18690_1256,0.6283141570785392,1256.0,18690
E12485_1462,0.7313656828414207,1462.0,12485
E3784_808,0.4042021010505253,808.0,3784
E3901_1880,0.9404702351175588,1880.0,3901
E6124_722,0.3611805902951476,722.0,6124
E16310_1485,0.742871435717859,1485.0,16310
E3653_19,0.009504752376188,19.0,3653
E17266_1112,0.5562781390695347,1112.0,17266
E6836_1229,0.6148074037018509,1229.0,6836
E15749_1174,0.5872936468234117,1174.0,15749
E7725_233,0.1165582791395697,233.0,7725
E19550_1974,0.9874937468734368,1974.0,19550
E11612_1852,0.926463231615808,1852.0,11612
E17642_795,0.3976988494247123,795.0,17642
E5115_1240,0.6203101550775387,1240.0,5115
E15917_1059,0.5297648824412207,1059.0,15917
E6190_939,0.4697348674337168,939.0,6190
E2998_662,0.3311655827913957,662.0,2998
E15699_1470,0.735367683841921,1470.0,15699
E3123_899,0.4497248624312156,899.0,3123
E15522_1598,0.799399699849925,1598.0,15522
E7968_1492,0.7463731865932967,1492.0,7968
E770_1807,0.903951975987994,1807.0,770
E399_1619,0.8099049524762382,1619.0,399
E11013_1359,0.6798399199599799,1359.0,11013
E14397_1594,0.7973986993496749,1594.0,14397
E8639_724,0.3621810905452726,724.0,8639
E9515_1750,0.8754377188594297,1750.0,9515
E16286_1044,0.5222611305652827,1044.0,16286
E14108_210,0.1050525262631315,210.0,14108
E11003_664,0.3321660830415208,664.0,11003
E19583_521,0.2606303151575788,521.0,19583
E16414_1662,0.8314157078539269,1662.0,16414
E4549_271,0.135567783891946,271.0,4549
E3669_933,0.4667333666833416,933.0,3669
E16428_492,0.2461230615307653,492.0,16428
E16280_1333,0.6668334167083542,1333.0,16280
E11530_371,0.1855927963981991,371.0,11530
E726_1343,0.6718359179589795,1343.0,726
E2138_784,0.3921960980490245,784.0,2138
E6396_755,0.3776888444222111,755.0,6396
E9562_603,0.3016508254127064,603.0,9562
E15887_1355,0.6778389194597298,1355.0,15887
E5016_1136,0.5682841420710355,1136.0,5016
E12935_1126,0.5632816408204102,1126.0,12935
E11317_1760,0.8804402201100551,1760.0,11317
E9744_912,0.4562281140570285,912.0,9744
E15212_433,0.216608304152076,433.0,15212
E13609_919,0.4597298649324662,919.0,13609
E18300_183,0.0915457728864432,183.0,18300
E4345_1046,0.5232616308154077,1046.0,4345
E441_464,0.2321160580290145,464.0,441
E5397_1520,0.7603801900950475,1520.0,5397
E2569_455,0.2276138069034517,455.0,2569
E5654_1689,0.8449224612306153,1689.0,5654
E6907_809,0.4047023511755878,809.0,6907
E17198_841,0.4207103551775888,841.0,17198
E15075_1820,0.9104552276138068,1820.0,15075
E4870_429,0.2146073036518259,429.0,4870
E11261_657,0.328664332166083,657.0,11261
E14373_893,0.4467233616808404,893.0,14373
E14732_1007,0.503751875937969,1007.0,14732
E4994_1637,0.8189094547273637,1637.0,4994
E12245_1094,0.5472736368184092,1094.0,12245
E7775_276,0.1380690345172586,276.0,7775
E3443_1986,0.9934967483741872,1986.0,3443
E11579_397,0.1985992996498249,397.0,11579
E7225_754,0.3771885942971485,754.0,7225
E6779_1739,0.8699349674837419,1739.0,6779
E3401_1713,0.8569284642321161,1713.0,3401
E11865_692,0.3461730865432716,692.0,11865
E8564_455,0.2276138069034517,455.0,8564
E17980_1352,0.6763381690845423,1352.0,17980
E2467_121,0.0605302651325662,121.0,2467
E13673_1271,0.6358179089544772,1271.0,13673
E19787_1035,0.5177588794397199,1035.0,19787
E11360_1431,0.7158579289644822,1431.0,11360
E16590_1557,0.7788894447223612,1557.0,16590
E519_600,0.3001500750375188,600.0,519
E18406_1680,0.8404202101050525,1680.0,18406
E10749_856,0.4282141070535267,856.0,10749
E3533_494,0.2471235617808904,494.0,3533
E10451_1508,0.7543771885942971,1508.0,10451
E11826_778,0.3891945972986493,778.0,11826
E2737_467,0.2336168084042021,467.0,2737
E10574_1873,0.9369684842421212,1873.0,10574
E8160_1267,0.6338169084542271,1267.0,8160
E14830_1563,0.7818909454727364,1563.0,14830
E15591_37,0.0185092546273136,37.0,15591
E16233_1774,0.8874437218609305,1774.0,16233
E9127_1405,0.7028514257128564,1405.0,9127
E9991_378,0.1890945472736368,378.0,9991
E12178_500,0.2501250625312656,500.0,12178
E4546_133,0.0665332666333166,133.0,4546
E18095_1395,0.6978489244622311,1395.0,18095
E5426_1298,0.6493246623311656,1298.0,5426
E9466_111,0.0555277638819409,111.0,9466
E19402_497,0.248624312156078,497.0,19402
E18841_1819,0.9099549774887444,1819.0,18841
E1627_1466,0.7333666833416709,1466.0,1627
E17549_1836,0.9184592296148074,1836.0,17549
E18439_263,0.1315657828914457,263.0,18439
E12981_517,0.2586293146573287,517.0,12981
E16843_547,0.2736368184092046,547.0,16843
E6916_1629,0.8149074537268635,1629.0,6916
E3930_1262,0.6313156578289144,1262.0,3930
E2570_1139,0.5697848924462231,1139.0,2570
E17840_1733,0.8669334667333667,1733.0,17840
E6045_1959,0.9799899949974988,1959.0,6045
E534_314,0.1570785392696348,314.0,534
E12310_291,0.1455727863931966,291.0,12310
E17294_1568,0.784392196098049,1568.0,17294
E11017_1367,0.6838419209604802,1367.0,11017
E12928_1021,0.5107553776888444,1021.0,12928
E14491_1893,0.9469734867433716,1893.0,14491
E9207_1663,0.8319159579789895,1663.0,9207
E9463_45,0.0225112556278139,45.0,9463
E5136_1059,0.5297648824412207,1059.0,5136
E19968_925,0.4627313656828414,925.0,19968
E4297_0,0.0,0.0,4297
E19710_518,0.2591295647823912,518.0,19710
E11483_1773,0.886943471735868,1773.0,11483
E7218_1752,0.8764382191095548,1752.0,7218
E3231_1037,0.5187593796898449,1037.0,3231
E19252_1956,0.9784892446223112,1956.0,19252
E4017_743,0.3716858429214607,743.0,4017
E1760_1308,0.6543271635817909,1308.0,1760
E4555_814,0.4072036018009004,814.0,4555
E7593_1584,0.7923961980990495,1584.0,7593
E8709_130,0.065032516258129,130.0,8709
E10416_912,0.4562281140570285,912.0,10416
E11056_1972,0.9864932466233116,1972.0,11056
E1963_1920,0.96048024012006,1920.0,1963
E3188_648,0.3241620810405202,648.0,3188
E10866_920,0.4602301150575287,920.0,10866
E17491_439,0.2196098049024512,439.0,17491
E13023_1694,0.847423711855928,1694.0,13023
E8921_643,0.3216608304152076,643.0,8921
E11687_557,0.2786393196598299,557.0,11687
E3458_3,0.0015007503751875,3.0,3458
E6742_1350,0.6753376688344173,1350.0,6742
E6537_509,0.2546273136568284,509.0,6537
E9842_333,0.1665832916458229,333.0,9842
E17069_1108,0.5542771385692846,1108.0,17069
E5605_41,0.0205102551275637,41.0,5605
E4558_1792,0.896448224112056,1792.0,4558
E14852_1647,0.8239119559779889,1647.0,14852
E18356_1964,0.9824912456228114,1964.0,18356
E12959_273,0.136568284142071,273.0,12959
E1558_1433,0.7168584292146073,1433.0,1558
E10924_979,0.4897448724362181,979.0,10924
E15330_358,0.1790895447723862,358.0,15330
E1897_667,0.3336668334167083,667.0,1897
E3423_905,0.4527263631815908,905.0,3423
E7139_244,0.1220610305152576,244.0,7139
E16394_1253,0.6268134067033517,1253.0,16394
E5445_626,0.3131565782891445,626.0,5445
E10777_725,0.3626813406703352,725.0,10777
E8886_1041,0.5207603801900951,1041.0,8886
E17610_428,0.2141070535267633,428.0,17610
E16441_410,0.2051025512756378,410.0,16441
E2438_1217,0.6088044022011005,1217.0,2438
E1061_1239,0.6198099049524762,1239.0,1061
E7293_1832,0.9164582291145572,1832.0,7293
E4573_48,0.0240120060030015,48.0,4573
E9029_1532,0.7663831915957979,1532.0,9029
E1084_571,0.2856428214107053,571.0,1084
E14211_125,0.0625312656328164,125.0,14211
E11778_1826,0.913456728364182,1826.0,11778
E4751_1471,0.7358679339669835,1471.0,4751
E15257_490,0.2451225612806403,490.0,15257
E10475_12,0.0060030015007503,12.0,10475
E5337_237,0.1185592796398199,237.0,5337
E10028_538,0.2691345672836418,538.0,10028
E9776_153,0.0765382691345672,153.0,9776
E14673_484,0.2421210605302651,484.0,14673
E6806_189,0.0945472736368184,189.0,6806
E4246_720,0.3601800900450225,720.0,4246
E1188_1086,0.5432716358179089,1086.0,1188
E3012_1000,0.5002501250625313,1000.0,3012
E19478_1453,0.7268634317158579,1453.0,19478
E15628_1524,0.7623811905952976,1524.0,15628
E4291_1645,0.822911455727864,1645.0,4291
E7616_1841,0.92096048024012,1841.0,7616
E8896_609,0.3046523261630815,609.0,8896
E5254_536,0.2681340670335168,536.0,5254
E2566_1440,0.720360180090045,1440.0,2566
E896_104,0.0520260130065032,104.0,896
E1397_1992,0.9964982491245624,1992.0,1397
E14709_1827,0.9139569784892446,1827.0,14709
E16035_1652,0.8264132066033016,1652.0,16035
E13098_269,0.1345672836418209,269.0,13098
E945_1567,0.7838919459729865,1567.0,945
E10632_1887,0.9439719859929964,1887.0,10632
E18147_1531,0.7658829414707353,1531.0,18147
E2882_559,0.2796398199099549,559.0,2882
E6114_495,0.2476238119059529,495.0,6114
E7207_946,0.4732366183091546,946.0,7207
E11662_1390,0.6953476738369184,1390.0,11662
E6652_967,0.4837418709354677,967.0,6652
E6708_964,0.4822411205602801,964.0,6708
E18859_354,0.177088544272136,354.0,18859
E12095_253,0.1265632816408204,253.0,12095
E17055_1549,0.7748874437218609,1549.0,17055
E19794_1847,0.9239619809904952,1847.0,19794
E15885_1719,0.8599299649824912,1719.0,15885
E5995_470,0.2351175587793897,470.0,5995
E4475_1742,0.8714357178589295,1742.0,4475
E7849_1773,0.886943471735868,1773.0,7849
E8831_656,0.3281640820410205,656.0,8831
E16101_1979,0.9899949974987494,1979.0,16101
E19493_1475,0.7378689344672336,1475.0,19493
E18064_141,0.0705352676338169,141.0,18064
E17194_1223,0.6118059029514757,1223.0,17194
E7897_654,0.3271635817908954,654.0,7897
E17705_661,0.3306653326663332,661.0,17705
E18431_1805,0.9029514757378688,1805.0,18431
E13454_569,0.2846423211605803,569.0,13454
E4633_874,0.4372186093046523,874.0,4633
E11864_556,0.2781390695347673,556.0,11864
E5552_448,0.224112056028014,448.0,5552
E12291_1409,0.7048524262131065,1409.0,12291
E13656_859,0.4297148574287143,859.0,13656
E9935_130,0.065032516258129,130.0,9935
E841_313,0.1565782891445722,313.0,841
E14903_430,0.2151075537768884,430.0,14903
E7681_535,0.2676338169084542,535.0,7681
E8470_1044,0.5222611305652827,1044.0,8470
E14941_858,0.4292146073036518,858.0,14941
E13563_1094,0.5472736368184092,1094.0,13563
E6957_355,0.1775887943971986,355.0,6957
E8200_723,0.3616808404202101,723.0,8200
E17386_1206,0.6033016508254128,1206.0,17386
E10887_796,0.3981990995497749,796.0,10887
E8928_262,0.1310655327663832,262.0,8928
E11204_1160,0.5802901450725363,1160.0,11204
E16088_943,0.471735867933967,943.0,16088
E5146_748,0.3741870935467734,748.0,5146
E11477_1527,0.7638819409704852,1527.0,11477
E1675_1947,0.9739869934967484,1947.0,1675
E18378_1891,0.9459729864932466,1891.0,18378
E18427_1528,0.7643821910955477,1528.0,18427
E7308_1088,0.544272136068034,1088.0,7308
E13830_1446,0.7233616808404202,1446.0,13830
E15594_862,0.4312156078039019,862.0,15594
E854_26,0.0130065032516258,26.0,854
E2183_1740,0.8704352176088044,1740.0,2183
E11143_1766,0.8834417208604303,1766.0,11143
E18838_1052,0.5262631315657829,1052.0,18838
E16447_693,0.3466733366683341,693.0,16447
E8266_1960,0.9804902451225612,1960.0,8266
E15950_1425,0.7128564282141071,1425.0,15950
E1478_1381,0.6908454227113556,1381.0,1478
E10771_1698,0.8494247123561781,1698.0,10771
E17111_28,0.0140070035017508,28.0,17111
E19929_1015,0.5077538769384692,1015.0,19929
E18003_1566,0.783391695847924,1566.0,18003
E4935_1025,0.5127563781890946,1025.0,4935
E17224_549,0.2746373186593296,549.0,17224
E17690_444,0.2221110555277639,444.0,17690
E2359_973,0.4867433716858429,973.0,2359
E11906_767,0.3836918459229614,767.0,11906
E7485_138,0.0690345172586293,138.0,7485
E15071_1114,0.5572786393196598,1114.0,15071
E4792_1056,0.5282641320660331,1056.0,4792
E11459_529,0.264632316158079,529.0,11459
E14739_1495,0.7478739369684843,1495.0,14739
E387_1503,0.7518759379689844,1503.0,387
E17163_776,0.3881940970485242,776.0,17163
E4365_352,0.176088044022011,352.0,4365
E18049_713,0.3566783391695848,713.0,18049
E15919_883,0.4417208604302151,883.0,15919
E7814_179,0.0895447723861931,179.0,7814
E16757_896,0.448224112056028,896.0,16757
E6785_817,0.408704352176088,817.0,6785
E4250_1806,0.9034517258629314,1806.0,4250
E2340_983,0.4917458729364682,983.0,2340
E13448_1031,0.5157578789394698,1031.0,13448
E14500_715,0.3576788394197098,715.0,14500
E14650_379,0.1895947973986993,379.0,14650
E7112_550,0.2751375687843922,550.0,7112
E18339_800,0.400200100050025,800.0,18339
E4384_1966,0.9834917458729364,1966.0,4384
E15057_1546,0.7733866933466733,1546.0,15057
E4708_256,0.128064032016008,256.0,4708
E2834_1721,0.8609304652326163,1721.0,2834
E237_82,0.0410205102551275,82.0,237
E18027_67,0.0335167583791896,67.0,18027
E19285_560,0.2801400700350175,560.0,19285
E8271_1345,0.6728364182091046,1345.0,8271
E15995_909,0.4547273636818409,909.0,15995
E13659_1649,0.824912456228114,1649.0,13659
E2772_209,0.104552276138069,209.0,2772
E3937_842,0.4212106053026513,842.0,3937
E17300_1366,0.6833416708354177,1366.0,17300
E16829_1781,0.8909454727363681,1781.0,16829
E18641_1404,0.7023511755877939,1404.0,18641
E15024_998,0.4992496248124062,998.0,15024
E18806_284,0.1420710355177588,284.0,18806
E6325_855,0.4277138569284642,855.0,6325
E13199_1642,0.8214107053526764,1642.0,13199
E17525_57,0.0285142571285642,57.0,17525
E6602_972,0.4862431215607803,972.0,6602
E2378_1320,0.6603301650825413,1320.0,2378
E5229_524,0.2621310655327664,524.0,5229
E17565_781,0.3906953476738369,781.0,17565
E10_1150,0.575287643821911,1150.0,10
E15660_79,0.0395197598799399,79.0,15660
E6666_1449,0.7248624312156078,1449.0,6666
E12332_778,0.3891945972986493,778.0,12332
E6724_1795,0.8979489744872436,1795.0,6724
E15357_1939,0.969984992496248,1939.0,15357
E16888_1790,0.8954477238619309,1790.0,16888
E3067_1844,0.9224612306153076,1844.0,3067
E18456_391,0.1955977988994497,391.0,18456
E9438_1755,0.8779389694847424,1755.0,9438
E13994_1281,0.6408204102051025,1281.0,13994
E5383_1303,0.6518259129564783,1303.0,5383
E9388_452,0.2261130565282641,452.0,9388
E9283_1643,0.8219109554777388,1643.0,9283
E15435_1079,0.5397698849424712,1079.0,15435
E9566_480,0.240120060030015,480.0,9566
E2330_1991,0.9959979989994996,1991.0,2330
E10769_792,0.3961980990495247,792.0,10769
E14007_65,0.0325162581290645,65.0,14007
E974_89,0.0445222611305652,89.0,974
E10585_1711,0.855927963981991,1711.0,10585
E7203_1148,0.5742871435717859,1148.0,7203
E8371_1511,0.7558779389694847,1511.0,8371
E5451_728,0.3641820910455227,728.0,5451
E17459_1937,0.968984492246123,1937.0,17459
E6099_992,0.496248124062031,992.0,6099
E14143_157,0.0785392696348174,157.0,14143
E19829_810,0.4052026013006503,810.0,19829
E6910_1420,0.7103551775887944,1420.0,6910
E10880_1245,0.6228114057028514,1245.0,10880
E13875_1907,0.9539769884942472,1907.0,13875
E19703_548,0.2741370685342671,548.0,19703
E4952_530,0.2651325662831416,530.0,4952
E7378_718,0.3591795897948974,718.0,7378
E9077_753,0.376688344172086,753.0,9077
E14838_1291,0.6458229114557279,1291.0,14838
E284_74,0.0370185092546273,74.0,284
E17105_1241,0.6208104052026013,1241.0,17105
E2977_502,0.2511255627813907,502.0,2977
E2601_966,0.4832416208104052,966.0,2601
E14989_225,0.1125562781390695,225.0,14989
E12482_1047,0.5237618809404703,1047.0,12482
E16867_1617,0.8089044522261131,1617.0,16867
E14885_824,0.4122061030515258,824.0,14885
E5684_267,0.1335667833916958,267.0,5684
E13285_1522,0.7613806903451726,1522.0,13285
E5920_1579,0.7898949474737369,1579.0,5920
E16523_957,0.4787393696848424,957.0,16523
E13566_942,0.4712356178089044,942.0,13566
E3707_162,0.08104052026013,162.0,3707
E7452_1154,0.5772886443221611,1154.0,7452
E14340_389,0.1945972986493246,389.0,14340
E6004_1890,0.945472736368184,1890.0,6004
E256_1109,0.5547773886943472,1109.0,256
E4401_436,0.2181090545272636,436.0,4401
E4514_462,0.2311155577788894,462.0,4514
E8947_1439,0.7198599299649825,1439.0,8947
E496_317,0.1585792896448224,317.0,496
E8104_1399,0.6998499249624812,1399.0,8104
E2247_1889,0.9449724862431216,1889.0,2247
E1039_408,0.2041020510255127,408.0,1039
E17837_644,0.3221610805402701,644.0,17837
E3050_613,0.3066533266633316,613.0,3050
E11804_1736,0.8684342171085543,1736.0,11804
E184_1173,0.5867933966983492,1173.0,184
E19490_311,0.1555777888944472,311.0,19490
E16677_1055,0.5277638819409705,1055.0,16677
E12024_291,0.1455727863931966,291.0,12024
E1756_1586,0.7933966983491746,1586.0,1756
E5696_338,0.1690845422711355,338.0,5696
E301_356,0.1780890445222611,356.0,301
E11759_270,0.1350675337668834,270.0,11759
E17283_675,0.3376688344172086,675.0,17283
